condition,uncertainty,auroc,risk_auc
clean,single_entropy,0.5418450992729966,0.44123321231007645
clean,ensemble_entropy,0.5354738342537144,0.4402884746948281
clean,mutual_information,0.5357320158936695,0.4492198553311121
clean,disagreement,0.5472300687635527,0.4379015070518089
occlusion_30,single_entropy,0.5781804289207628,0.37572309018769345
occlusion_30,ensemble_entropy,0.5797161934034208,0.3775596169851932
occlusion_30,mutual_information,0.5487238157144773,0.39847077166482114
occlusion_30,disagreement,0.5813606771719708,0.37061974112386553
occlusion_50,single_entropy,0.5441687641388837,0.4305925204283818
occlusion_50,ensemble_entropy,0.5661530335698522,0.4089946484819537
occlusion_50,mutual_information,0.6080152053294304,0.37520186659896265
occlusion_50,disagreement,0.6140247980674628,0.36765581143568676
occlusion_70,single_entropy,0.5606639235507715,0.4020669788907271
occlusion_70,ensemble_entropy,0.5728421487296681,0.39614395364759014
occlusion_70,mutual_information,0.5890981492512061,0.385249941142731
occlusion_70,disagreement,0.5983911650001578,0.3778713528256505
missing_s1_zero,single_entropy,0.6142478917806975,0.5414203559272805
missing_s1_zero,ensemble_entropy,0.5384242476104751,0.5899336226964358
missing_s1_zero,mutual_information,0.38269354276439727,0.6839087433288848
missing_s1_zero,disagreement,0.38968152439104975,0.6802424679481055
missing_s2_zero,single_entropy,0.6016431585262074,0.44420658668300117
missing_s2_zero,ensemble_entropy,0.5944116725748292,0.45076020501334013
missing_s2_zero,mutual_information,0.533454651479407,0.47873652228392294
missing_s2_zero,disagreement,0.5401661816902116,0.4744075485756719
