condition,uncertainty,coverage,risk
clean,single_entropy,0.1,0.34943434643078664
clean,single_entropy,0.2,0.4266622394218063
clean,single_entropy,0.30000000000000004,0.45094685839430165
clean,single_entropy,0.4,0.45136192672959763
clean,single_entropy,0.5,0.44419409144446714
clean,single_entropy,0.6,0.44323150851711374
clean,single_entropy,0.7000000000000001,0.44521956046972483
clean,single_entropy,0.8,0.44807688580142613
clean,single_entropy,0.9,0.45305993265488814
clean,single_entropy,1.0,0.46725746828393805
clean,ensemble_entropy,0.1,0.31512432242927646
clean,ensemble_entropy,0.2,0.39357757342035005
clean,ensemble_entropy,0.30000000000000004,0.4462667833782613
clean,ensemble_entropy,0.4,0.45061103615314796
clean,ensemble_entropy,0.5,0.45466442023166864
clean,ensemble_entropy,0.6,0.4585774265444941
clean,ensemble_entropy,0.7000000000000001,0.45709318648614156
clean,ensemble_entropy,0.8,0.4551256498658763
clean,ensemble_entropy,0.9,0.4554893008169059
clean,ensemble_entropy,1.0,0.46725746828393805
clean,mutual_information,0.1,0.449687845527359
clean,mutual_information,0.2,0.4448925999838192
clean,mutual_information,0.30000000000000004,0.4544291038864287
clean,mutual_information,0.4,0.4528771918883592
clean,mutual_information,0.5,0.4502652640606133
clean,mutual_information,0.6,0.4456310990529174
clean,mutual_information,0.7000000000000001,0.4414551163356264
clean,mutual_information,0.8,0.4416024561116678
clean,mutual_information,0.9,0.4533532097549282
clean,mutual_information,1.0,0.46725746828393805
clean,disagreement,0.1,0.3730414497990885
clean,disagreement,0.2,0.4168897144089965
clean,disagreement,0.30000000000000004,0.43791905773740564
clean,disagreement,0.4,0.4392945842333205
clean,disagreement,0.5,0.44323537878925784
clean,disagreement,0.6,0.4437770487677027
clean,disagreement,0.7000000000000001,0.44291668572887044
clean,disagreement,0.8,0.44571676340036287
clean,disagreement,0.9,0.4512148713588506
clean,disagreement,1.0,0.46725746828393805
occlusion_30,single_entropy,0.1,0.24778188290499178
occlusion_30,single_entropy,0.2,0.3234911410156145
occlusion_30,single_entropy,0.30000000000000004,0.3489987561001098
occlusion_30,single_entropy,0.4,0.3736780407065282
occlusion_30,single_entropy,0.5,0.3903672975157746
occlusion_30,single_entropy,0.6,0.40321829419508093
occlusion_30,single_entropy,0.7000000000000001,0.40245649603787076
occlusion_30,single_entropy,0.8,0.39592665037911123
occlusion_30,single_entropy,0.9,0.4050418940531794
occlusion_30,single_entropy,1.0,0.42887660046695103
occlusion_30,ensemble_entropy,0.1,0.27425433510423125
occlusion_30,ensemble_entropy,0.2,0.3275177988727381
occlusion_30,ensemble_entropy,0.30000000000000004,0.3598207975117508
occlusion_30,ensemble_entropy,0.4,0.38051106067718365
occlusion_30,ensemble_entropy,0.5,0.39479139909347044
occlusion_30,ensemble_entropy,0.6,0.39377668357597984
occlusion_30,ensemble_entropy,0.7000000000000001,0.39042491458126155
occlusion_30,ensemble_entropy,0.8,0.3932774646023777
occlusion_30,ensemble_entropy,0.9,0.4063509661663851
occlusion_30,ensemble_entropy,1.0,0.42887660046695103
occlusion_30,mutual_information,0.1,0.3558223888244654
occlusion_30,mutual_information,0.2,0.3760433240743238
occlusion_30,mutual_information,0.30000000000000004,0.390286793648582
occlusion_30,mutual_information,0.4,0.3932593454695004
occlusion_30,mutual_information,0.5,0.3964303797297671
occlusion_30,mutual_information,0.6,0.4019339429975049
occlusion_30,mutual_information,0.7000000000000001,0.4086658784947039
occlusion_30,mutual_information,0.8,0.4115664116784975
occlusion_30,mutual_information,0.9,0.4157013742448021
occlusion_30,mutual_information,1.0,0.42887660046695103
occlusion_30,disagreement,0.1,0.24394231547153528
occlusion_30,disagreement,0.2,0.3134303956203986
occlusion_30,disagreement,0.30000000000000004,0.3399116572634427
occlusion_30,disagreement,0.4,0.3555572223285024
occlusion_30,disagreement,0.5,0.37350218002628033
occlusion_30,disagreement,0.6,0.387916199174442
occlusion_30,disagreement,0.7000000000000001,0.4004160777448971
occlusion_30,disagreement,0.8,0.4108209989794293
occlusion_30,disagreement,0.9,0.4176134810081541
occlusion_30,disagreement,1.0,0.42887660046695103
occlusion_50,single_entropy,0.1,0.4422817615490413
occlusion_50,single_entropy,0.2,0.449853024459966
occlusion_50,single_entropy,0.30000000000000004,0.4405832733107626
occlusion_50,single_entropy,0.4,0.4298574656305332
occlusion_50,single_entropy,0.5,0.4225414784805416
occlusion_50,single_entropy,0.6,0.4177945004373873
occlusion_50,single_entropy,0.7000000000000001,0.4186281473704994
occlusion_50,single_entropy,0.8,0.4197528887375684
occlusion_50,single_entropy,0.9,0.4304363948266369
occlusion_50,single_entropy,1.0,0.4494892596540409
occlusion_50,ensemble_entropy,0.1,0.36188681535017936
occlusion_50,ensemble_entropy,0.2,0.3790367708529975
occlusion_50,ensemble_entropy,0.30000000000000004,0.39395669160833896
occlusion_50,ensemble_entropy,0.4,0.4082088942188168
occlusion_50,ensemble_entropy,0.5,0.4135557384885376
occlusion_50,ensemble_entropy,0.6,0.4166770137654806
occlusion_50,ensemble_entropy,0.7000000000000001,0.41935339399528543
occlusion_50,ensemble_entropy,0.8,0.41707504944837775
occlusion_50,ensemble_entropy,0.9,0.42740024645763963
occlusion_50,ensemble_entropy,1.0,0.4494892596540409
occlusion_50,mutual_information,0.1,0.3029347914026051
occlusion_50,mutual_information,0.2,0.30345055419217387
occlusion_50,mutual_information,0.30000000000000004,0.32369938299419176
occlusion_50,mutual_information,0.4,0.35083276377454403
occlusion_50,mutual_information,0.5,0.37557534557815697
occlusion_50,mutual_information,0.6,0.3915641835689569
occlusion_50,mutual_information,0.7000000000000001,0.4030050059353683
occlusion_50,mutual_information,0.8,0.4191806612387925
occlusion_50,mutual_information,0.9,0.4332968765801568
occlusion_50,mutual_information,1.0,0.4494892596540409
occlusion_50,disagreement,0.1,0.2567184002588927
occlusion_50,disagreement,0.2,0.27785287613602655
occlusion_50,disagreement,0.30000000000000004,0.31412910714506437
occlusion_50,disagreement,0.4,0.3447253518693467
occlusion_50,disagreement,0.5,0.36940304293509
occlusion_50,disagreement,0.6,0.3880594666964813
occlusion_50,disagreement,0.7000000000000001,0.4030151189361123
occlusion_50,disagreement,0.8,0.4215673302763968
occlusion_50,disagreement,0.9,0.4370461789701966
occlusion_50,disagreement,1.0,0.4494892596540409
occlusion_70,single_entropy,0.1,0.29648944203230765
occlusion_70,single_entropy,0.2,0.3357514630134031
occlusion_70,single_entropy,0.30000000000000004,0.36526496640796097
occlusion_70,single_entropy,0.4,0.39733909999317374
occlusion_70,single_entropy,0.5,0.417156641647098
occlusion_70,single_entropy,0.6,0.43614004709287724
occlusion_70,single_entropy,0.7000000000000001,0.4338833682071335
occlusion_70,single_entropy,0.8,0.4282722521913616
occlusion_70,single_entropy,0.9,0.43230992235460686
occlusion_70,single_entropy,1.0,0.44848065618555066
occlusion_70,ensemble_entropy,0.1,0.2742880450904776
occlusion_70,ensemble_entropy,0.2,0.3314955772498045
occlusion_70,ensemble_entropy,0.30000000000000004,0.36556948029255804
occlusion_70,ensemble_entropy,0.4,0.39579602407232145
occlusion_70,ensemble_entropy,0.5,0.41362518110702323
occlusion_70,ensemble_entropy,0.6,0.4272422912241058
occlusion_70,ensemble_entropy,0.7000000000000001,0.42378048046384964
occlusion_70,ensemble_entropy,0.8,0.4188026876994685
occlusion_70,ensemble_entropy,0.9,0.4275995100811662
occlusion_70,ensemble_entropy,1.0,0.44848065618555066
occlusion_70,mutual_information,0.1,0.2785624713465117
occlusion_70,mutual_information,0.2,0.31705084814325396
occlusion_70,mutual_information,0.30000000000000004,0.3476548498049875
occlusion_70,mutual_information,0.4,0.3713630054500666
occlusion_70,mutual_information,0.5,0.3889784451460621
occlusion_70,mutual_information,0.6,0.40524707467384163
occlusion_70,mutual_information,0.7000000000000001,0.41769582501619285
occlusion_70,mutual_information,0.8,0.42473101515180883
occlusion_70,mutual_information,0.9,0.4310068431323343
occlusion_70,mutual_information,1.0,0.44848065618555066
occlusion_70,disagreement,0.1,0.26337275154391737
occlusion_70,disagreement,0.2,0.2944870688492759
occlusion_70,disagreement,0.30000000000000004,0.3326493943994166
occlusion_70,disagreement,0.4,0.36417350207443
occlusion_70,disagreement,0.5,0.3850721293062008
occlusion_70,disagreement,0.6,0.4013243537370631
occlusion_70,disagreement,0.7000000000000001,0.41505922125078554
occlusion_70,disagreement,0.8,0.42294944087726943
occlusion_70,disagreement,0.9,0.42920036107167875
occlusion_70,disagreement,1.0,0.44848065618555066
missing_s1_zero,single_entropy,0.1,0.5151998327984683
missing_s1_zero,single_entropy,0.2,0.5161201154229929
missing_s1_zero,single_entropy,0.30000000000000004,0.5194029280526955
missing_s1_zero,single_entropy,0.4,0.5262175425230766
missing_s1_zero,single_entropy,0.5,0.5211479741295907
missing_s1_zero,single_entropy,0.6,0.5294661964495498
missing_s1_zero,single_entropy,0.7000000000000001,0.5454572159872094
missing_s1_zero,single_entropy,0.8,0.5678194929845246
missing_s1_zero,single_entropy,0.9,0.586148930830802
missing_s1_zero,single_entropy,1.0,0.6068057811316989
missing_s1_zero,ensemble_entropy,0.1,0.5721090315795151
missing_s1_zero,ensemble_entropy,0.2,0.5999669642134786
missing_s1_zero,ensemble_entropy,0.30000000000000004,0.6111694793936241
missing_s1_zero,ensemble_entropy,0.4,0.5992418617703994
missing_s1_zero,ensemble_entropy,0.5,0.5859500727799094
missing_s1_zero,ensemble_entropy,0.6,0.5747027760751103
missing_s1_zero,ensemble_entropy,0.7000000000000001,0.5749317974414108
missing_s1_zero,ensemble_entropy,0.8,0.5818984806053644
missing_s1_zero,ensemble_entropy,0.9,0.5920837656330178
missing_s1_zero,ensemble_entropy,1.0,0.6068057811316989
missing_s1_zero,mutual_information,0.1,0.7428130309322833
missing_s1_zero,mutual_information,0.2,0.7407836897602545
missing_s1_zero,mutual_information,0.30000000000000004,0.737868605067965
missing_s1_zero,mutual_information,0.4,0.7152287519456999
missing_s1_zero,mutual_information,0.5,0.6976785265220238
missing_s1_zero,mutual_information,0.6,0.6809190695813835
missing_s1_zero,mutual_information,0.7000000000000001,0.6582128401399446
missing_s1_zero,mutual_information,0.8,0.6328216714942216
missing_s1_zero,mutual_information,0.9,0.6168561294164797
missing_s1_zero,mutual_information,1.0,0.6068057811316989
missing_s1_zero,disagreement,0.1,0.7421320892101076
missing_s1_zero,disagreement,0.2,0.7387138966047302
missing_s1_zero,disagreement,0.30000000000000004,0.727039821651499
missing_s1_zero,disagreement,0.4,0.7151394204068631
missing_s1_zero,disagreement,0.5,0.6989069192490219
missing_s1_zero,disagreement,0.6,0.6751085883542045
missing_s1_zero,disagreement,0.7000000000000001,0.6499274031018017
missing_s1_zero,disagreement,0.8,0.6277807601776855
missing_s1_zero,disagreement,0.9,0.6150964668162392
missing_s1_zero,disagreement,1.0,0.6068057811316989
missing_s2_zero,single_entropy,0.1,0.43327108222539845
missing_s2_zero,single_entropy,0.2,0.4160907877349586
missing_s2_zero,single_entropy,0.30000000000000004,0.42047299658517456
missing_s2_zero,single_entropy,0.4,0.4173485219422699
missing_s2_zero,single_entropy,0.5,0.42203987354701433
missing_s2_zero,single_entropy,0.6,0.4353444909704942
missing_s2_zero,single_entropy,0.7000000000000001,0.4558488058231621
missing_s2_zero,single_entropy,0.8,0.4722056715414157
missing_s2_zero,single_entropy,0.9,0.48854945820520407
missing_s2_zero,single_entropy,1.0,0.5066462653692358
missing_s2_zero,ensemble_entropy,0.1,0.3986711523421698
missing_s2_zero,ensemble_entropy,0.2,0.4360791240797174
missing_s2_zero,ensemble_entropy,0.30000000000000004,0.44682636977873863
missing_s2_zero,ensemble_entropy,0.4,0.44509944875698537
missing_s2_zero,ensemble_entropy,0.5,0.43411210196064154
missing_s2_zero,ensemble_entropy,0.6,0.4347242268750769
missing_s2_zero,ensemble_entropy,0.7000000000000001,0.4465241375657044
missing_s2_zero,ensemble_entropy,0.8,0.4709487093699514
missing_s2_zero,ensemble_entropy,0.9,0.4898690178775428
missing_s2_zero,ensemble_entropy,1.0,0.5066462653692358
missing_s2_zero,mutual_information,0.1,0.4099943367223106
missing_s2_zero,mutual_information,0.2,0.4400569024567838
missing_s2_zero,mutual_information,0.30000000000000004,0.4650106804593103
missing_s2_zero,mutual_information,0.4,0.4788928956986864
missing_s2_zero,mutual_information,0.5,0.4767141371013033
missing_s2_zero,mutual_information,0.6,0.48044005040769444
missing_s2_zero,mutual_information,0.7000000000000001,0.48917162484619814
missing_s2_zero,mutual_information,0.8,0.504168664687327
missing_s2_zero,mutual_information,0.9,0.5158534438522303
missing_s2_zero,mutual_information,1.0,0.5066462653692358
missing_s2_zero,disagreement,0.1,0.4194971818451498
missing_s2_zero,disagreement,0.2,0.4315704134192713
missing_s2_zero,disagreement,0.30000000000000004,0.4552774728269114
missing_s2_zero,disagreement,0.4,0.4662019179312838
missing_s2_zero,disagreement,0.5,0.4708229759330762
missing_s2_zero,disagreement,0.6,0.4756537915047416
missing_s2_zero,disagreement,0.7000000000000001,0.4874832352934095
missing_s2_zero,disagreement,0.8,0.5044273890498074
missing_s2_zero,disagreement,0.9,0.5151590176153538
missing_s2_zero,disagreement,1.0,0.5066462653692358
