model,condition,occlusion_fraction,mean_iou_mean,mean_iou_std,macro_dice_mean,macro_dice_std,iou_background_mean,iou_background_std,iou_low_mean,iou_low_std,iou_mid_mean,iou_mid_std,iou_high_mean,iou_high_std,binary_algae_iou_mean,binary_algae_iou_std,binary_algae_dice_mean,binary_algae_dice_std,relative_degradation_mean_iou_mean,relative_degradation_mean_iou_std,relative_degradation_macro_dice_mean,relative_degradation_macro_dice_std,relative_degradation_iou_background_mean,relative_degradation_iou_background_std,relative_degradation_iou_low_mean,relative_degradation_iou_low_std,relative_degradation_iou_mid_mean,relative_degradation_iou_mid_std,relative_degradation_iou_high_mean,relative_degradation_iou_high_std,relative_degradation_binary_algae_iou_mean,relative_degradation_binary_algae_iou_std,relative_degradation_binary_algae_dice_mean,relative_degradation_binary_algae_dice_std
s1_s2_early_fusion,clean,0.0,0.2425266057252884,0.0,0.3667169213294983,0.0,0.46324947476387024,0.0,0.2956847548484802,0.0,0.1455584466457367,0.0,0.06561367958784103,0.0,0.4010131359100342,0.0,0.5724616050720215,0.0,0.0,0.0,0.0,0.0,0.0,0.0,0.0,0.0,0.0,0.0,0.0,0.0,0.0,0.0,0.0,0.0
s1_s2_early_fusion,simulated_optical_occlusion,0.1,0.14505922297636667,0.004088851726770701,0.22531880935033163,0.005025357598164606,0.40359612305959064,0.012092193382369356,0.10410488893588384,0.003752714986982136,0.061372450242439903,0.00393899095703174,0.011163427184025446,0.0036956233483842337,0.3925453821818034,0.00768831537640157,0.5637518763542175,0.00793199391440492,0.40188325918898854,0.016859394516913994,0.385578367822627,0.01370364252608151,0.12877154741446037,0.02610298347026305,0.6479193220860134,0.012691607955591683,0.5783655867679771,0.027061232431385744,0.8298612841994285,0.05632397651829106,0.021115901126317477,0.019172228258693306,0.015214520311293512,0.013855940458062675
s1_s2_early_fusion,simulated_optical_occlusion,0.3,0.05157344788312912,0.0036643550955048946,0.0955008715391159,0.00669321724413371,0.11506366978089015,0.005373872041290494,0.029847430686155956,0.012558079535790525,0.04871595030029615,0.0008331463173177215,0.012666734245916208,0.005711742797066159,0.4513166646162669,0.00569419217127351,0.6219268639882406,0.005405093253766838,0.7873493189380355,0.015109084978724086,0.7395787704780944,0.01825172729926958,0.7516161894418963,0.01160038453153067,0.8990565790196019,0.04247117692024994,0.6653169127391,0.005723792308291456,0.806949795751685,0.08705109716365628,-0.1254410995591878,0.014199515330966592,-0.08640799396493297,0.009441844144441512
s1_s2_early_fusion,simulated_optical_occlusion,0.5,0.020781684045990307,0.005044189889834372,0.0401344895362854,0.00971221107570719,0.023533628943065803,0.011976405274124857,0.0021135996018225947,0.0010508855143628573,0.04591538881262144,0.00045708344806925596,0.011564120184630156,0.010747674784624338,0.4501754939556122,0.0012669494539441718,0.6208558678627014,0.0012052923498374485,0.9143117350616374,0.020798501157221316,0.8905573012808312,0.026484218509733527,0.94919880059214,0.025853035840417333,0.9928518478982601,0.003554074050592656,0.6845570293534987,0.0031402055916529645,0.8237544326538102,0.1638023481099817,-0.12259538065757376,0.003159371453179538,-0.0845371329044704,0.0021054553513432787
s1_s2_early_fusion,simulated_optical_occlusion,0.7,0.013307003925244013,0.0004926309273228824,0.025613606596986454,0.0009737860849093232,0.0016827978348980348,0.0006609095332888812,0.0,0.0,0.04521594444910685,4.912603416629689e-05,0.006329275046785672,0.0016775885198942893,0.44848889112472534,0.00011445178288303476,0.6192507346471151,0.00010910153318855662,0.945131776839705,0.002031244884863879,0.930154282207304,0.0026554162850705764,0.9963674047644506,0.0014266816678545763,1.0,0.0,0.6893622768649462,0.00033750040137394555,0.9035372640805446,0.02556766409736861,-0.1183895263354719,0.00028540656809983127,-0.08173321871814798,0.00019058314517852797
s1_weighted_control,clean,0.0,0.2349195033311844,0.0,0.34970271587371826,0.0,0.45189374685287476,0.0,0.33403313159942627,0.0,0.021033428609371185,0.0,0.13271774351596832,0.0,0.3401576280593872,0.0,0.5076382160186768,0.0,0.0,0.0,0.0,0.0,0.0,0.0,0.0,0.0,0.0,0.0,0.0,0.0,0.0,0.0,0.0,0.0
s1_weighted_control,simulated_optical_occlusion,0.1,0.2349195033311844,0.0,0.34970271587371826,0.0,0.45189374685287476,0.0,0.33403313159942627,0.0,0.021033428609371185,0.0,0.13271774351596832,0.0,0.3401576280593872,0.0,0.5076382160186768,0.0,0.0,0.0,0.0,0.0,0.0,0.0,0.0,0.0,0.0,0.0,0.0,0.0,0.0,0.0,0.0,0.0
s1_weighted_control,simulated_optical_occlusion,0.3,0.2349195033311844,0.0,0.34970271587371826,0.0,0.45189374685287476,0.0,0.33403313159942627,0.0,0.021033428609371185,0.0,0.13271774351596832,0.0,0.3401576280593872,0.0,0.5076382160186768,0.0,0.0,0.0,0.0,0.0,0.0,0.0,0.0,0.0,0.0,0.0,0.0,0.0,0.0,0.0,0.0,0.0
s1_weighted_control,simulated_optical_occlusion,0.5,0.2349195033311844,0.0,0.34970271587371826,0.0,0.45189374685287476,0.0,0.33403313159942627,0.0,0.021033428609371185,0.0,0.13271774351596832,0.0,0.3401576280593872,0.0,0.5076382160186768,0.0,0.0,0.0,0.0,0.0,0.0,0.0,0.0,0.0,0.0,0.0,0.0,0.0,0.0,0.0,0.0,0.0
s1_weighted_control,simulated_optical_occlusion,0.7,0.2349195033311844,0.0,0.34970271587371826,0.0,0.45189374685287476,0.0,0.33403313159942627,0.0,0.021033428609371185,0.0,0.13271774351596832,0.0,0.3401576280593872,0.0,0.5076382160186768,0.0,0.0,0.0,0.0,0.0,0.0,0.0,0.0,0.0,0.0,0.0,0.0,0.0,0.0,0.0,0.0,0.0
s2_weighted,clean,0.0,0.22743673622608185,0.0,0.34971287846565247,0.0,0.4229185879230499,0.0,0.2617058753967285,0.0,0.18456771969795227,0.0,0.04055481031537056,0.0,0.38837772607803345,0.0,0.5594698190689087,0.0,0.0,0.0,0.0,0.0,0.0,0.0,0.0,0.0,0.0,0.0,0.0,0.0,0.0,0.0,0.0,0.0
s2_weighted,simulated_optical_occlusion,0.1,0.17389525473117828,0.005270395084324264,0.2732240855693817,0.0051347549686366475,0.377957284450531,0.022686266482429458,0.22254031399885812,0.002877929202482158,0.06361459443966548,0.0077150285282127,0.03146882106860479,0.005932563176324469,0.3881659309069316,0.012924431306201014,0.559167226155599,0.013344413358475336,0.23541263554574154,0.02317301580992293,0.21871883366681102,0.014682773454512524,0.10631195874677335,0.05364215981577339,0.14965488007671982,0.010996807764133743,0.6553319586774347,0.04180053012974565,0.2240422079676728,0.14628506779320294,0.0005453329500655588,0.033277993145271745,0.000540856544886228,0.023851891386533843
s2_weighted,simulated_optical_occlusion,0.3,0.12180603047211964,0.015260331502951653,0.20392346878846487,0.021214579806452073,0.1918038676182429,0.017141660800300555,0.2388177216053009,0.03928500750645863,0.038217052817344666,0.01051422454885435,0.018385499715805054,0.0012451154706438845,0.43726736307144165,0.01316727141097554,0.6083928743998209,0.012703079243079209,0.46443994715506626,0.06709703874655597,0.4168831594559264,0.060662849762725235,0.5464756738165842,0.04053182170233546,0.08745754659397964,0.15011129363032144,0.792937503481717,0.05696675760019707,0.5466505804654985,0.030702041532468388,-0.1258816706280041,0.0339032609927016,-0.0874453878715601,0.022705566609866723
s2_weighted,simulated_optical_occlusion,0.5,0.08566828072071075,0.0055408348697095315,0.14292768637339273,0.008102399419926937,0.045741960406303406,0.01069968748516712,0.26082425316174823,0.02028429171931749,0.02034490741789341,0.003630412340883401,0.01576198140780131,0.0004692083938342046,0.44480155905087787,0.005558916603848739,0.6157131592432658,0.0053357059685054066,0.6233313837411348,0.024362092780832456,0.5912999057956324,0.023168719023090596,0.8918421613224856,0.025299638726482176,0.0033687521674619866,0.07750797221716123,0.8897699584131605,0.019669811962918716,0.6113412617336936,0.011569734642708242,-0.14528081603090615,0.014313170479637217,-0.10052971269828181,0.009537075614526071
s2_weighted,simulated_optical_occlusion,0.7,0.08989259600639343,0.007784542509939422,0.150621235370636,0.011580292403888639,0.04982937624057134,0.003860805296300496,0.26260630289713544,0.019552334147041935,0.030235036586721737,0.008074008943006637,0.01689966395497322,0.0006236969254923821,0.4251694579919179,0.009421341735916808,0.596617062886556,0.009312820543311734,0.6047577999139228,0.03422728728485288,0.5693002899078837,0.03311371446970035,0.8821773796103808,0.00912895627326494,-0.003440608656729289,0.07471110122155995,0.8361845904787586,0.043745509540995965,0.5832882998698645,0.015379110903053548,-0.09473182791768092,0.024258192742041718,-0.06639722564385898,0.016645796119637832
