model,condition,occlusion_fraction,seed,date,valid_pixels,mean_iou,macro_dice,iou_background,iou_low,iou_mid,iou_high,binary_algae_iou,binary_algae_dice,relative_degradation_mean_iou,relative_degradation_macro_dice,relative_degradation_iou_background,relative_degradation_iou_low,relative_degradation_iou_mid,relative_degradation_iou_high,relative_degradation_binary_algae_iou,relative_degradation_binary_algae_dice
s2_weighted,clean,0.0,101,all_validation,3406494,0.22743673622608185,0.34971287846565247,0.4229185879230499,0.2617058753967285,0.18456771969795227,0.04055481031537056,0.38837772607803345,0.5594698190689087,0.0,0.0,0.0,0.0,0.0,0.0,0.0,0.0
s1_weighted_control,clean,0.0,101,all_validation,2966478,0.2349195033311844,0.34970271587371826,0.45189374685287476,0.33403313159942627,0.021033428609371185,0.13271774351596832,0.3401576280593872,0.5076382160186768,0.0,0.0,0.0,0.0,0.0,0.0,0.0,0.0
s1_s2_early_fusion,clean,0.0,101,all_validation,2966478,0.2425266057252884,0.3667169213294983,0.46324947476387024,0.2956847548484802,0.1455584466457367,0.06561367958784103,0.4010131359100342,0.5724616050720215,0.0,0.0,0.0,0.0,0.0,0.0,0.0,0.0
s2_weighted,clean,0.0,101,2025-01-01,1320652,0.19045081734657288,0.28357961773872375,0.4638698101043701,0.23148660361766815,0.0,0.06644687056541443,0.23021522164344788,0.37426820397377014,0.16262068957383993,0.18910730716319354,-0.0968300362072789,0.1154703605077646,1.0,-0.6384460942782562,0.4072388651938482,0.3310305735586564
s1_weighted_control,clean,0.0,101,2025-01-01,1174752,0.19477322697639465,0.29279789328575134,0.22832489013671875,0.45610669255256653,0.0,0.09466137737035751,0.4606247842311859,0.6307229399681091,0.17089375631018763,0.16272342193795233,0.4947376640485897,-0.36545345178373295,1.0,0.2867466333997153,-0.3541509765900845,-0.2424654410669978
s1_s2_early_fusion,clean,0.0,101,2025-01-01,1174752,0.22067193686962128,0.33533427119255066,0.35959944128990173,0.3559000790119171,0.0017351364949718118,0.16545307636260986,0.36227062344551086,0.5318629145622253,0.09011245916838523,0.0855773167574944,0.223745603871006,-0.20364703683926297,0.9880794516913551,-1.5216247191427168,0.09661157950999155,0.07091949949147841
s2_weighted,clean,0.0,101,2025-06-20,2085842,0.22466512024402618,0.3483584225177765,0.3885304629802704,0.2796285152435303,0.19095614552497864,0.039545342326164246,0.46877601742744446,0.6383219957351685,0.012186316195201462,0.0038730513838054334,0.08131145313725596,-0.06848390323538683,-0.03461290976277497,0.024891448914599375,-0.2070105620147157,-0.14094089435867801
s1_weighted_control,clean,0.0,101,2025-06-20,1791726,0.22028808295726776,0.3219583034515381,0.5505358576774597,0.16611868143081665,0.022785915061831474,0.14171187579631805,0.2057841271162033,0.34132832288742065,0.062282697547208624,0.07933713741073434,-0.21828607169618647,0.502688009912661,-0.08331910526843399,-0.06776887582682248,0.39503303721215977,0.32761499801097976
s1_s2_early_fusion,clean,0.0,101,2025-06-20,1791726,0.24224397540092468,0.35908979177474976,0.5308873653411865,0.2326781004667282,0.15206411480903625,0.05334628000855446,0.43175235390663147,0.6031103730201721,0.0011653580171894454,0.020798411829748904,-0.14600748465347532,0.21308726049822538,-0.04469454238635286,0.18696405469629943,-0.0766538929624827,-0.05353855643173608
s2_weighted,clean,0.0,202,all_validation,3406494,0.22743673622608185,0.34971287846565247,0.4229185879230499,0.2617058753967285,0.18456771969795227,0.04055481031537056,0.38837772607803345,0.5594698190689087,0.0,0.0,0.0,0.0,0.0,0.0,0.0,0.0
s1_weighted_control,clean,0.0,202,all_validation,2966478,0.2349195033311844,0.34970271587371826,0.45189374685287476,0.33403313159942627,0.021033428609371185,0.13271774351596832,0.3401576280593872,0.5076382160186768,0.0,0.0,0.0,0.0,0.0,0.0,0.0,0.0
s1_s2_early_fusion,clean,0.0,202,all_validation,2966478,0.2425266057252884,0.3667169213294983,0.46324947476387024,0.2956847548484802,0.1455584466457367,0.06561367958784103,0.4010131359100342,0.5724616050720215,0.0,0.0,0.0,0.0,0.0,0.0,0.0,0.0
s2_weighted,clean,0.0,202,2025-01-01,1320652,0.19045081734657288,0.28357961773872375,0.4638698101043701,0.23148660361766815,0.0,0.06644687056541443,0.23021522164344788,0.37426820397377014,0.16262068957383993,0.18910730716319354,-0.0968300362072789,0.1154703605077646,1.0,-0.6384460942782562,0.4072388651938482,0.3310305735586564
s1_weighted_control,clean,0.0,202,2025-01-01,1174752,0.19477322697639465,0.29279789328575134,0.22832489013671875,0.45610669255256653,0.0,0.09466137737035751,0.4606247842311859,0.6307229399681091,0.17089375631018763,0.16272342193795233,0.4947376640485897,-0.36545345178373295,1.0,0.2867466333997153,-0.3541509765900845,-0.2424654410669978
s1_s2_early_fusion,clean,0.0,202,2025-01-01,1174752,0.22067193686962128,0.33533427119255066,0.35959944128990173,0.3559000790119171,0.0017351364949718118,0.16545307636260986,0.36227062344551086,0.5318629145622253,0.09011245916838523,0.0855773167574944,0.223745603871006,-0.20364703683926297,0.9880794516913551,-1.5216247191427168,0.09661157950999155,0.07091949949147841
s2_weighted,clean,0.0,202,2025-06-20,2085842,0.22466512024402618,0.3483584225177765,0.3885304629802704,0.2796285152435303,0.19095614552497864,0.039545342326164246,0.46877601742744446,0.6383219957351685,0.012186316195201462,0.0038730513838054334,0.08131145313725596,-0.06848390323538683,-0.03461290976277497,0.024891448914599375,-0.2070105620147157,-0.14094089435867801
s1_weighted_control,clean,0.0,202,2025-06-20,1791726,0.22028808295726776,0.3219583034515381,0.5505358576774597,0.16611868143081665,0.022785915061831474,0.14171187579631805,0.2057841271162033,0.34132832288742065,0.062282697547208624,0.07933713741073434,-0.21828607169618647,0.502688009912661,-0.08331910526843399,-0.06776887582682248,0.39503303721215977,0.32761499801097976
s1_s2_early_fusion,clean,0.0,202,2025-06-20,1791726,0.24224397540092468,0.35908979177474976,0.5308873653411865,0.2326781004667282,0.15206411480903625,0.05334628000855446,0.43175235390663147,0.6031103730201721,0.0011653580171894454,0.020798411829748904,-0.14600748465347532,0.21308726049822538,-0.04469454238635286,0.18696405469629943,-0.0766538929624827,-0.05353855643173608
s2_weighted,clean,0.0,303,all_validation,3406494,0.22743673622608185,0.34971287846565247,0.4229185879230499,0.2617058753967285,0.18456771969795227,0.04055481031537056,0.38837772607803345,0.5594698190689087,0.0,0.0,0.0,0.0,0.0,0.0,0.0,0.0
s1_weighted_control,clean,0.0,303,all_validation,2966478,0.2349195033311844,0.34970271587371826,0.45189374685287476,0.33403313159942627,0.021033428609371185,0.13271774351596832,0.3401576280593872,0.5076382160186768,0.0,0.0,0.0,0.0,0.0,0.0,0.0,0.0
s1_s2_early_fusion,clean,0.0,303,all_validation,2966478,0.2425266057252884,0.3667169213294983,0.46324947476387024,0.2956847548484802,0.1455584466457367,0.06561367958784103,0.4010131359100342,0.5724616050720215,0.0,0.0,0.0,0.0,0.0,0.0,0.0,0.0
s2_weighted,clean,0.0,303,2025-01-01,1320652,0.19045081734657288,0.28357961773872375,0.4638698101043701,0.23148660361766815,0.0,0.06644687056541443,0.23021522164344788,0.37426820397377014,0.16262068957383993,0.18910730716319354,-0.0968300362072789,0.1154703605077646,1.0,-0.6384460942782562,0.4072388651938482,0.3310305735586564
s1_weighted_control,clean,0.0,303,2025-01-01,1174752,0.19477322697639465,0.29279789328575134,0.22832489013671875,0.45610669255256653,0.0,0.09466137737035751,0.4606247842311859,0.6307229399681091,0.17089375631018763,0.16272342193795233,0.4947376640485897,-0.36545345178373295,1.0,0.2867466333997153,-0.3541509765900845,-0.2424654410669978
s1_s2_early_fusion,clean,0.0,303,2025-01-01,1174752,0.22067193686962128,0.33533427119255066,0.35959944128990173,0.3559000790119171,0.0017351364949718118,0.16545307636260986,0.36227062344551086,0.5318629145622253,0.09011245916838523,0.0855773167574944,0.223745603871006,-0.20364703683926297,0.9880794516913551,-1.5216247191427168,0.09661157950999155,0.07091949949147841
s2_weighted,clean,0.0,303,2025-06-20,2085842,0.22466512024402618,0.3483584225177765,0.3885304629802704,0.2796285152435303,0.19095614552497864,0.039545342326164246,0.46877601742744446,0.6383219957351685,0.012186316195201462,0.0038730513838054334,0.08131145313725596,-0.06848390323538683,-0.03461290976277497,0.024891448914599375,-0.2070105620147157,-0.14094089435867801
s1_weighted_control,clean,0.0,303,2025-06-20,1791726,0.22028808295726776,0.3219583034515381,0.5505358576774597,0.16611868143081665,0.022785915061831474,0.14171187579631805,0.2057841271162033,0.34132832288742065,0.062282697547208624,0.07933713741073434,-0.21828607169618647,0.502688009912661,-0.08331910526843399,-0.06776887582682248,0.39503303721215977,0.32761499801097976
s1_s2_early_fusion,clean,0.0,303,2025-06-20,1791726,0.24224397540092468,0.35908979177474976,0.5308873653411865,0.2326781004667282,0.15206411480903625,0.05334628000855446,0.43175235390663147,0.6031103730201721,0.0011653580171894454,0.020798411829748904,-0.14600748465347532,0.21308726049822538,-0.04469454238635286,0.18696405469629943,-0.0766538929624827,-0.05353855643173608
s2_weighted,simulated_optical_occlusion,0.1,101,all_validation,3406494,0.16781291365623474,0.26731395721435547,0.35194745659828186,0.22180165350437164,0.059625569730997086,0.03787697106599808,0.38155806064605713,0.5523591041564941,0.2621556374717692,0.2356187785042921,0.1678127501401789,0.15247736349772337,0.6769447559487911,0.06603012635365631,0.017559362893550957,0.012709738166481398
s1_weighted_control,simulated_optical_occlusion,0.1,101,all_validation,2966478,0.2349195033311844,0.34970271587371826,0.45189374685287476,0.33403313159942627,0.021033428609371185,0.13271774351596832,0.3401576280593872,0.5076382160186768,0.0,0.0,0.0,0.0,0.0,0.0,0.0,0.0
s1_s2_early_fusion,simulated_optical_occlusion,0.1,101,all_validation,2966478,0.14367911219596863,0.22391651570796967,0.39851927757263184,0.10047201067209244,0.06569235771894455,0.010032813996076584,0.3847268521785736,0.5556718111038208,0.40757381332951576,0.3894022809305307,0.13973075139315158,0.6602056446110047,0.548687422593702,0.8470926480712754,0.040612843503247086,0.029329118004496314
s2_weighted,simulated_optical_occlusion,0.1,101,2025-01-01,1320652,0.1604371815919876,0.24280332028865814,0.39749643206596375,0.22983117401599884,0.010867844335734844,0.0035532633773982525,0.3419473469257355,0.5096285343170166,0.2945854559198995,0.30570666612580755,0.06011122845636604,0.12179589522936682,0.9411173072218684,0.9123836765659451,0.11954954168244218,0.08908663712162326
s1_weighted_control,simulated_optical_occlusion,0.1,101,2025-01-01,1174752,0.19477322697639465,0.29279789328575134,0.22832489013671875,0.45610669255256653,0.0,0.09466137737035751,0.4606247842311859,0.6307229399681091,0.17089375631018763,0.16272342193795233,0.4947376640485897,-0.36545345178373295,1.0,0.2867466333997153,-0.3541509765900845,-0.2424654410669978
s1_s2_early_fusion,simulated_optical_occlusion,0.1,101,2025-01-01,1174752,0.08338449150323868,0.14124956727027893,0.23578742146492004,0.07967273145914078,0.011243252083659172,0.006834561936557293,0.4517645835876465,0.622366189956665,0.6561841483169526,0.614826698593041,0.49101416340491966,0.730548396044402,0.9227578176138191,0.8958363259081142,-0.12655806788583157,-0.08717542703735572
s2_weighted,simulated_optical_occlusion,0.1,101,2025-06-20,2085842,0.16522924602031708,0.26861467957496643,0.3197920620441437,0.21586468815803528,0.07982761412858963,0.04543260484933853,0.4039430022239685,0.5754407048225403,0.27351557728971215,0.2318993777023605,0.2438448647654856,0.17516300376978958,0.5674887555677197,-0.12027659594598704,-0.0400776746470977,-0.02854646525921802
s1_weighted_control,simulated_optical_occlusion,0.1,101,2025-06-20,1791726,0.22028808295726776,0.3219583034515381,0.5505358576774597,0.16611868143081665,0.022785915061831474,0.14171187579631805,0.2057841271162033,0.34132832288742065,0.062282697547208624,0.07933713741073434,-0.21828607169618647,0.502688009912661,-0.08331910526843399,-0.06776887582682248,0.39503303721215977,0.32761499801097976
s1_s2_early_fusion,simulated_optical_occlusion,0.1,101,2025-06-20,1791726,0.1853005290031433,0.27938157320022583,0.4802665412425995,0.11973777413368225,0.12310045212507248,0.018097350373864174,0.3236255943775177,0.4889987111091614,0.23595793356777303,0.23815467203598414,-0.03673413010862726,0.5950492131559495,0.15428850086125864,0.7241832726415511,0.1929800662437105,0.14579649224223454
s2_weighted,simulated_optical_occlusion,0.1,202,all_validation,3406494,0.17711223661899567,0.2757686674594879,0.3936609625816345,0.22571557760238647,0.058710742741823196,0.030361652374267578,0.3798813819885254,0.5506000518798828,0.22126812247719505,0.2114426306820356,0.0691802776631299,0.13752193274141503,0.681901348524519,0.2513427596341069,0.02187649682000805,0.015853879667338068
s1_weighted_control,simulated_optical_occlusion,0.1,202,all_validation,2966478,0.2349195033311844,0.34970271587371826,0.45189374685287476,0.33403313159942627,0.021033428609371185,0.13271774351596832,0.3401576280593872,0.5076382160186768,0.0,0.0,0.0,0.0,0.0,0.0,0.0,0.0
s1_s2_early_fusion,simulated_optical_occlusion,0.1,202,all_validation,2966478,0.14183901250362396,0.22114354372024536,0.39486998319625854,0.10387571901082993,0.0604451559484005,0.008165179751813412,0.3928127884864807,0.5640568137168884,0.41516102087254697,0.3969638954250873,0.14760835207091474,0.6486943702455689,0.5847361843898127,0.8755567466555173,0.02044907433005682,0.014681842905561585
s2_weighted,simulated_optical_occlusion,0.1,202,2025-01-01,1320652,0.16827045381069183,0.25121384859085083,0.42381423711776733,0.23397979140281677,0.0107829999178648,0.004504801239818335,0.3422617018222809,0.5099775791168213,0.2601439125321259,0.28165685606707175,-0.002117781578520665,0.10594368182174307,0.9415769998377217,0.8889206679851988,0.11874013662278578,0.08846275217214451
s1_weighted_control,simulated_optical_occlusion,0.1,202,2025-01-01,1174752,0.19477322697639465,0.29279789328575134,0.22832489013671875,0.45610669255256653,0.0,0.09466137737035751,0.4606247842311859,0.6307229399681091,0.17089375631018763,0.16272342193795233,0.4947376640485897,-0.36545345178373295,1.0,0.2867466333997153,-0.3541509765900845,-0.2424654410669978
s1_s2_early_fusion,simulated_optical_occlusion,0.1,202,2025-01-01,1174752,0.06807762384414673,0.11777205765247345,0.2008206695318222,0.05692251771688461,0.009642389602959156,0.004924910143017769,0.4205220341682434,0.5920668840408325,0.7192983275358303,0.6788474957045839,0.5664956347026935,0.8074891695175364,0.9337558910172556,0.924940802376058,-0.04864902545882182,-0.034247325576262
s2_weighted,simulated_optical_occlusion,0.1,202,2025-06-20,2085842,0.17765924334526062,0.28119686245918274,0.37283676862716675,0.21975618600845337,0.08103997260332108,0.03700403496623039,0.4016484320163727,0.5731086730957031,0.21886302849219694,0.19592076879490478,0.11841952736538403,0.16029326557794027,0.5609201179060772,0.0875549736647245,-0.03416958555360835,-0.024378176555605344
s1_weighted_control,simulated_optical_occlusion,0.1,202,2025-06-20,1791726,0.22028808295726776,0.3219583034515381,0.5505358576774597,0.16611868143081665,0.022785915061831474,0.14171187579631805,0.2057841271162033,0.34132832288742065,0.062282697547208624,0.07933713741073434,-0.21828607169618647,0.502688009912661,-0.08331910526843399,-0.06776887582682248,0.39503303721215977,0.32761499801097976
s1_s2_early_fusion,simulated_optical_occlusion,0.1,202,2025-06-20,1791726,0.1939699500799179,0.2895485460758209,0.4988446831703186,0.14516691863536835,0.11630118638277054,0.015567002817988396,0.36698439717292786,0.5369254946708679,0.20021166543835175,0.2104303640364087,-0.07683809771094101,0.509048348773486,0.20100008578803477,0.7627476020888617,0.08485691786600363,0.06207597170937387
s2_weighted,simulated_optical_occlusion,0.1,303,all_validation,3406494,0.17676061391830444,0.27658963203430176,0.38826343417167664,0.22010371088981628,0.07250747084617615,0.026167839765548706,0.40305835008621216,0.5745425224304199,0.22281414668826047,0.20909509181410546,0.08194284843701123,0.15896534399102102,0.6071497715589939,0.35475373791525516,-0.03779986086336233,-0.02694104819916078
s1_weighted_control,simulated_optical_occlusion,0.1,303,all_validation,2966478,0.2349195033311844,0.34970271587371826,0.45189374685287476,0.33403313159942627,0.021033428609371185,0.13271774351596832,0.3401576280593872,0.5076382160186768,0.0,0.0,0.0,0.0,0.0,0.0,0.0,0.0
s1_s2_early_fusion,simulated_optical_occlusion,0.1,303,all_validation,2966478,0.14965954422950745,0.23089636862277985,0.4173991084098816,0.10796693712472916,0.05797983705997467,0.015292287804186344,0.40009650588035583,0.5715270042419434,0.38291494336490295,0.37036892711226305,0.0989755387793148,0.6348579514014667,0.6016731533204167,0.7669344578714927,0.002285785545648528,0.001632600023822633
s2_weighted,simulated_optical_occlusion,0.1,303,2025-01-01,1320652,0.16920307278633118,0.2527194321155548,0.4204195439815521,0.24104253947734833,0.00644351402297616,0.008906723000109196,0.36748194694519043,0.5374578237533569,0.2560433481680986,0.2773516570955336,0.005909042574294474,0.07895633175241465,0.9650886187816533,0.7803781368758249,0.05380272278705449,0.039344383852885884
s1_weighted_control,simulated_optical_occlusion,0.1,303,2025-01-01,1174752,0.19477322697639465,0.29279789328575134,0.22832489013671875,0.45610669255256653,0.0,0.09466137737035751,0.4606247842311859,0.6307229399681091,0.17089375631018763,0.16272342193795233,0.4947376640485897,-0.36545345178373295,1.0,0.2867466333997153,-0.3541509765900845,-0.2424654410669978
s1_s2_early_fusion,simulated_optical_occlusion,0.1,303,2025-01-01,1174752,0.0825781524181366,0.14209167659282684,0.21251951158046722,0.09759607911109924,0.009454398415982723,0.01074262522161007,0.4436213970184326,0.6145951747894287,0.6595088931740815,0.6125303515374022,0.5412417646262984,0.6699319883397064,0.9350474078705097,0.8362746108876844,-0.10625153465785082,-0.07360069102294886
s2_weighted,simulated_optical_occlusion,0.1,303,2025-06-20,2085842,0.1735522300004959,0.2763773500919342,0.3659534156322479,0.20267093181610107,0.09599071741104126,0.029593851417303085,0.4236447513103485,0.5951551198959351,0.23692085596947027,0.2097021096148194,0.13469536198576076,0.22557744831343368,0.47991600281928254,0.2702751859232145,-0.09080599340351758,-0.06378413921668773
s1_weighted_control,simulated_optical_occlusion,0.1,303,2025-06-20,1791726,0.22028808295726776,0.3219583034515381,0.5505358576774597,0.16611868143081665,0.022785915061831474,0.14171187579631805,0.2057841271162033,0.34132832288742065,0.062282697547208624,0.07933713741073434,-0.21828607169618647,0.502688009912661,-0.08331910526843399,-0.06776887582682248,0.39503303721215977,0.32761499801097976
s1_s2_early_fusion,simulated_optical_occlusion,0.1,303,2025-06-20,1791726,0.19485189020633698,0.2875686585903168,0.5219456553459167,0.11747922003269196,0.11795707046985626,0.02202564664185047,0.3579026460647583,0.5271403789520264,0.19657519791025693,0.21582931720804377,-0.1267053364970687,0.6026875985104723,0.18962400885643732,0.6643131923067446,0.10750393437223353,0.0791690232470582
s2_weighted,simulated_optical_occlusion,0.3,101,all_validation,3406494,0.12446040660142899,0.20681418478488922,0.19954416155815125,0.24946443736553192,0.02948872372508049,0.019344329833984375,0.4334683418273926,0.6047825813293457,0.4527691143188495,0.40861718992941876,0.528173584097802,0.0467755567682208,0.840228162468826,0.5230077595344408,-0.11609990151778028,-0.08099232651342705
s1_weighted_control,simulated_optical_occlusion,0.3,101,all_validation,2966478,0.2349195033311844,0.34970271587371826,0.45189374685287476,0.33403313159942627,0.021033428609371185,0.13271774351596832,0.3401576280593872,0.5076382160186768,0.0,0.0,0.0,0.0,0.0,0.0,0.0,0.0
s1_s2_early_fusion,simulated_optical_occlusion,0.3,101,all_validation,2966478,0.050915349274873734,0.09450061619281769,0.11024820059537888,0.03933637961745262,0.04785088449716568,0.006225923076272011,0.44578805565834045,0.6166713833808899,0.7900628299208298,0.74230636576514,0.7620111697879958,0.8669651411767575,0.6712599948690975,0.9051124229675767,-0.11165449642116303,-0.0772274994814829
s2_weighted,simulated_optical_occlusion,0.3,101,2025-01-01,1320652,0.10945037007331848,0.17978942394256592,0.15046744048595428,0.2727073132991791,0.00858762301504612,0.006039115134626627,0.4159882962703705,0.587558925151825,0.5187656493429447,0.4858941863068272,0.6442165353268137,-0.04203741274731842,0.9534716957596925,0.8510875753661765,-0.07109205378783612,-0.05020665123574179
s1_weighted_control,simulated_optical_occlusion,0.3,101,2025-01-01,1174752,0.19477322697639465,0.29279789328575134,0.22832489013671875,0.45610669255256653,0.0,0.09466137737035751,0.4606247842311859,0.6307229399681091,0.17089375631018763,0.16272342193795233,0.4947376640485897,-0.36545345178373295,1.0,0.2867466333997153,-0.3541509765900845,-0.2424654410669978
s1_s2_early_fusion,simulated_optical_occlusion,0.3,101,2025-01-01,1174752,0.008213757537305355,0.016201423481106758,0.01789996400475502,0.003125543473288417,0.011353014968335629,0.0004765081393998116,0.47663649916648865,0.6455705165863037,0.9661325506422618,0.9558203547783669,0.9613599907180055,0.9894294737146998,0.9220037364374543,0.9927376708272871,-0.18858076328307682,-0.12770972038392756
s2_weighted,simulated_optical_occlusion,0.3,101,2025-06-20,2085842,0.13131214678287506,0.218451589345932,0.23077692091464996,0.22984078526496887,0.03958989307284355,0.0250410009175539,0.44515231251716614,0.6160628199577332,0.4226431975688168,0.3753401638956584,0.454323060029133,0.12175916984459867,0.7854993650155456,0.38253931598187785,-0.14618394059942935,-0.10115469853764181
s1_weighted_control,simulated_optical_occlusion,0.3,101,2025-06-20,1791726,0.22028808295726776,0.3219583034515381,0.5505358576774597,0.16611868143081665,0.022785915061831474,0.14171187579631805,0.2057841271162033,0.34132832288742065,0.062282697547208624,0.07933713741073434,-0.21828607169618647,0.502688009912661,-0.08331910526843399,-0.06776887582682248,0.39503303721215977,0.32761499801097976
s1_s2_early_fusion,simulated_optical_occlusion,0.3,101,2025-06-20,1791726,0.07932601869106293,0.14220061898231506,0.16182862222194672,0.07081623375415802,0.07792840152978897,0.006730816792696714,0.4235057234764099,0.5950179696083069,0.6729182827020799,0.6122332766462484,0.6506663665308314,0.7605008963331679,0.4646246691581368,0.8974174770417233,-0.05608940344393572,-0.03940240591934123
s2_weighted,simulated_optical_occlusion,0.3,202,all_validation,3406494,0.10539264231920242,0.1814117580652237,0.17215707898139954,0.1953067034482956,0.03527292609214783,0.01883387565612793,0.4264172613620758,0.5978857278823853,0.536606776600779,0.48125514032780664,0.5929309235925011,0.2537167797542804,0.8088889750067212,0.5355945321980767,-0.09794468819872383,-0.06866484572377793
s1_weighted_control,simulated_optical_occlusion,0.3,202,all_validation,2966478,0.2349195033311844,0.34970271587371826,0.45189374685287476,0.33403313159942627,0.021033428609371185,0.13271774351596832,0.3401576280593872,0.5076382160186768,0.0,0.0,0.0,0.0,0.0,0.0,0.0,0.0
s1_s2_early_fusion,simulated_optical_occlusion,0.3,202,all_validation,2966478,0.04828273504972458,0.08936407417058945,0.11408216506242752,0.015606891363859177,0.048783957958221436,0.014657924883067608,0.45099881291389465,0.6216391324996948,0.8009177801118662,0.7563131969841799,0.7537349284193403,0.9472178017028415,0.6648496938349934,0.7766026082496387,-0.12464847788695524,-0.08590537250351717
s2_weighted,simulated_optical_occlusion,0.3,202,2025-01-01,1320652,0.09735125303268433,0.16498681902885437,0.1637669801712036,0.20926551520824432,0.012665637768805027,0.0037068859674036503,0.41353607177734375,0.5851086378097534,0.5719633747473715,0.5282220667630952,0.6127694907536175,0.20037899458309116,0.9313767445925402,0.9085956526839255,-0.06477803439802686,-0.045826991674928666
s1_weighted_control,simulated_optical_occlusion,0.3,202,2025-01-01,1174752,0.19477322697639465,0.29279789328575134,0.22832489013671875,0.45610669255256653,0.0,0.09466137737035751,0.4606247842311859,0.6307229399681091,0.17089375631018763,0.16272342193795233,0.4947376640485897,-0.36545345178373295,1.0,0.2867466333997153,-0.3541509765900845,-0.2424654410669978
s1_s2_early_fusion,simulated_optical_occlusion,0.3,202,2025-01-01,1174752,0.00484590046107769,0.009612612426280975,0.004294931422919035,0.0033999732695519924,0.011395870707929134,0.00029282577452249825,0.47307538986206055,0.6422962546348572,0.9800190975064951,0.9737873769461433,0.9907286858228856,0.9885013575647678,0.921709313540116,0.9955371231066157,-0.17970048235076586,-0.12199010194587598
s2_weighted,simulated_optical_occlusion,0.3,202,2025-06-20,2085842,0.10851496458053589,0.18799489736557007,0.17758215963840485,0.18371528387069702,0.04752074554562569,0.025241661816835403,0.43458253145217896,0.6058661937713623,0.5228784655409962,0.4624307283438112,0.5801032049442199,0.2980085617405532,0.7425294866112337,0.3775914220644589,-0.11896873139646007,-0.08292918245289488
s1_weighted_control,simulated_optical_occlusion,0.3,202,2025-06-20,1791726,0.22028808295726776,0.3219583034515381,0.5505358576774597,0.16611868143081665,0.022785915061831474,0.14171187579631805,0.2057841271162033,0.34132832288742065,0.062282697547208624,0.07933713741073434,-0.21828607169618647,0.502688009912661,-0.08331910526843399,-0.06776887582682248,0.39503303721215977,0.32761499801097976
s1_s2_early_fusion,simulated_optical_occlusion,0.3,202,2025-06-20,1791726,0.07444348186254501,0.13230159878730774,0.17617937922477722,0.0263008214533329,0.07955886423587799,0.015734892338514328,0.4348123073577881,0.6060894727706909,0.6930502464258801,0.6392269047535071,0.6196879029067864,0.9110511413859994,0.45342323946675467,0.7601888441959871,-0.08428444961298381,-0.0587425731275702
s2_weighted,simulated_optical_occlusion,0.3,303,all_validation,3406494,0.13556504249572754,0.22354446351528168,0.20371036231517792,0.2716820240020752,0.04988950863480568,0.016978293657302856,0.45191648602485657,0.6225103139877319,0.40394395054557025,0.3607771481105538,0.5183225137594495,-0.038119696740562314,0.7296953729696039,0.5813494496639783,-0.16360042216750817,-0.11267899137747532
s1_weighted_control,simulated_optical_occlusion,0.3,303,all_validation,2966478,0.2349195033311844,0.34970271587371826,0.45189374685287476,0.33403313159942627,0.021033428609371185,0.13271774351596832,0.3401576280593872,0.5076382160186768,0.0,0.0,0.0,0.0,0.0,0.0,0.0,0.0
s1_s2_early_fusion,simulated_optical_occlusion,0.3,303,all_validation,2966478,0.05552225932478905,0.10263792425394058,0.12086064368486404,0.03459902107715607,0.04951300844550133,0.017116354778409004,0.45716312527656555,0.627470076084137,0.7710673467814104,0.7201167486849631,0.7391024701183532,0.8829867941792066,0.6598410495132092,0.7391343560378397,-0.14002032436944514,-0.09609110990979886
s2_weighted,simulated_optical_occlusion,0.3,303,2025-01-01,1320652,0.12954245507717133,0.20662164688110352,0.1920473724603653,0.31113293766975403,0.012167870067059994,0.0028216505888849497,0.4683307707309723,0.6379091143608093,0.43042422597728197,0.40916774987628274,0.5458999014360931,-0.1888649316645926,0.9340736826191878,0.9304237754549298,-0.20586413505308632,-0.140202907499894
s1_weighted_control,simulated_optical_occlusion,0.3,303,2025-01-01,1174752,0.19477322697639465,0.29279789328575134,0.22832489013671875,0.45610669255256653,0.0,0.09466137737035751,0.4606247842311859,0.6307229399681091,0.17089375631018763,0.16272342193795233,0.4947376640485897,-0.36545345178373295,1.0,0.2867466333997153,-0.3541509765900845,-0.2424654410669978
s1_s2_early_fusion,simulated_optical_occlusion,0.3,303,2025-01-01,1174752,0.02054869942367077,0.039771948009729385,0.020352117717266083,0.0035818268079310656,0.011307542212307453,0.04695330932736397,0.47724395990371704,0.646127462387085,0.9152723909930672,0.8915459154010678,0.9560666145867945,0.9878863324902681,0.9223161384799057,0.28439755821795193,-0.19009557834231386,-0.1286826167246545
s2_weighted,simulated_optical_occlusion,0.3,303,2025-06-20,2085842,0.1357114613056183,0.22742243111133575,0.21075113117694855,0.23966017365455627,0.06891365349292755,0.02352088689804077,0.4413311779499054,0.612393856048584,0.4033001723577528,0.3496881438592135,0.5016744659724091,0.08423846697653402,0.6266213094808467,0.42002226825540867,-0.13634523381815275,-0.09459676854017528
s1_weighted_control,simulated_optical_occlusion,0.3,303,2025-06-20,1791726,0.22028808295726776,0.3219583034515381,0.5505358576774597,0.16611868143081665,0.022785915061831474,0.14171187579631805,0.2057841271162033,0.34132832288742065,0.062282697547208624,0.07933713741073434,-0.21828607169618647,0.502688009912661,-0.08331910526843399,-0.06776887582682248,0.39503303721215977,0.32761499801097976
s1_s2_early_fusion,simulated_optical_occlusion,0.3,303,2025-06-20,1791726,0.08414856344461441,0.14984574913978577,0.17835800349712372,0.06126486882567406,0.08143105357885361,0.01554032415151596,0.4425656795501709,0.6135812997817993,0.6530336818388903,0.5913857789912342,0.6149849849521422,0.7928034238455465,0.4405611254079794,0.763154204288891,-0.10361890900616004,-0.07182961153281985
s2_weighted,simulated_optical_occlusion,0.5,101,all_validation,3406494,0.07948087155818939,0.1335749477148056,0.03873371332883835,0.24667325615882874,0.016963139176368713,0.015553340315818787,0.4385218918323517,0.6096839904785156,0.650536351879487,0.6180439556562546,0.9084133106585376,0.05744089319779826,0.9080926003521681,0.6164859311418365,-0.12911184753227375,-0.08975313716327951
s1_weighted_control,simulated_optical_occlusion,0.5,101,all_validation,2966478,0.2349195033311844,0.34970271587371826,0.45189374685287476,0.33403313159942627,0.021033428609371185,0.13271774351596832,0.3401576280593872,0.5076382160186768,0.0,0.0,0.0,0.0,0.0,0.0,0.0,0.0
s1_s2_early_fusion,simulated_optical_occlusion,0.5,101,all_validation,2966478,0.01973871700465679,0.03810041397809982,0.026215793564915657,0.0013691438362002373,0.04640500247478485,0.004964925814419985,0.4512164294719696,0.6218457818031311,0.9186121582593912,0.8961040198527783,0.9434089081735527,0.9953695825917646,0.6811933381803231,0.9243309345610905,-0.1251911447938163,-0.08626635619500908
s2_weighted,simulated_optical_occlusion,0.5,101,2025-01-01,1320652,0.08666892349720001,0.1364985704421997,0.0307668074965477,0.3084975481033325,0.0037987567484378815,0.0036125911865383387,0.4740951955318451,0.6432355046272278,0.6189317304876931,0.6096838897066638,0.9272512290187025,-0.17879488809974547,0.9794180870053842,0.9109207721982825,-0.2207064507004945,-0.14972333216781056
s1_weighted_control,simulated_optical_occlusion,0.5,101,2025-01-01,1174752,0.19477322697639465,0.29279789328575134,0.22832489013671875,0.45610669255256653,0.0,0.09466137737035751,0.4606247842311859,0.6307229399681091,0.17089375631018763,0.16272342193795233,0.4947376640485897,-0.36545345178373295,1.0,0.2867466333997153,-0.3541509765900845,-0.2424654410669978
s1_s2_early_fusion,simulated_optical_occlusion,0.5,101,2025-01-01,1174752,0.00291068060323596,0.005757371429353952,0.00026899646036326885,0.0,0.011373725719749928,0.0,0.4779220223426819,0.6467486619949341,0.9879985101241514,0.9843002297017516,0.9994193270040934,1.0,0.9218614516584425,1.0,-0.19178645172835918,-0.12976775431701928
s2_weighted,simulated_optical_occlusion,0.5,101,2025-06-20,2085842,0.07091345638036728,0.12427400797605515,0.04324042424559593,0.19688200950622559,0.021815063431859016,0.021716319024562836,0.41578054428100586,0.5873516798019409,0.6882057949078364,0.6446398870945186,0.8977570968021308,0.24769740378290822,0.881804556790539,0.4645192800634997,-0.07055713127448147,-0.04983621954698879
s1_weighted_control,simulated_optical_occlusion,0.5,101,2025-06-20,1791726,0.22028808295726776,0.3219583034515381,0.5505358576774597,0.16611868143081665,0.022785915061831474,0.14171187579631805,0.2057841271162033,0.34132832288742065,0.062282697547208624,0.07933713741073434,-0.21828607169618647,0.502688009912661,-0.08331910526843399,-0.06776887582682248,0.39503303721215977,0.32761499801097976
s1_s2_early_fusion,simulated_optical_occlusion,0.5,101,2025-06-20,1791726,0.030094552785158157,0.056990619748830795,0.04160723090171814,0.002588987350463867,0.07095541059970856,0.005226584151387215,0.43327850103378296,0.604597806930542,0.8759123655932146,0.8445923369387577,0.9101839652966117,0.99124409592307,0.5125297622033479,0.9203430719901927,-0.0804596214797996,-0.05613686852322165
s2_weighted,simulated_optical_occlusion,0.5,202,all_validation,3406494,0.09017188847064972,0.1478128284215927,0.040434349328279495,0.2840634286403656,0.019890418276190758,0.016299324110150337,0.4490928649902344,0.6198261976242065,0.6035297992448546,0.5773308976491972,0.9043921206517493,-0.08543007760045332,0.8922324103654652,0.5980914721730858,-0.15633012615147232,-0.10788138430013128
s1_weighted_control,simulated_optical_occlusion,0.5,202,all_validation,2966478,0.2349195033311844,0.34970271587371826,0.45189374685287476,0.33403313159942627,0.021033428609371185,0.13271774351596832,0.3401576280593872,0.5076382160186768,0.0,0.0,0.0,0.0,0.0,0.0,0.0,0.0
s1_s2_early_fusion,simulated_optical_occlusion,0.5,202,all_validation,2966478,0.026265829801559448,0.05070265009999275,0.03394153714179993,0.0016559482319280505,0.04549989476799965,0.02396594174206257,0.4505452513694763,0.621208131313324,0.8916991819391934,0.861738994982356,0.9267316230437158,0.9943996157908898,0.687411511894337,0.6347416896505873,-0.12351743876678016,-0.08515248151038825
s2_weighted,simulated_optical_occlusion,0.5,202,2025-01-01,1320652,0.0947318822145462,0.1497252732515335,0.05267854779958725,0.3181951344013214,0.004462307319045067,0.0035915414337068796,0.47382646799087524,0.6429881453514099,0.5834802952836139,0.5718622834010416,0.875440452834454,-0.21585017500642267,0.9758229265315317,0.9114398167374571,-0.2200145275470131,-0.1492812005864689
s1_weighted_control,simulated_optical_occlusion,0.5,202,2025-01-01,1174752,0.19477322697639465,0.29279789328575134,0.22832489013671875,0.45610669255256653,0.0,0.09466137737035751,0.4606247842311859,0.6307229399681091,0.17089375631018763,0.16272342193795233,0.4947376640485897,-0.36545345178373295,1.0,0.2867466333997153,-0.3541509765900845,-0.2424654410669978
s1_s2_early_fusion,simulated_optical_occlusion,0.5,202,2025-01-01,1174752,0.002996274968609214,0.005928719416260719,0.000640728569123894,0.0,0.011344371363520622,0.0,0.4767089784145355,0.6456369757652283,0.9876455823902343,0.9838329810504334,0.9986168822545336,1.0,0.9220631188025055,1.0,-0.18876150361688757,-0.12782581407184607
s2_weighted,simulated_optical_occlusion,0.5,202,2025-06-20,2085842,0.08487352728843689,0.14231368899345398,0.03315633535385132,0.2571805417537689,0.027140429243445396,0.02201680652797222,0.4335848093032837,0.6048959493637085,0.6268257771511944,0.5930556243228786,0.921601139555767,0.017291677674792335,0.8529513758534748,0.45710986300365714,-0.11639978348337919,-0.08119496127673112
s1_weighted_control,simulated_optical_occlusion,0.5,202,2025-06-20,1791726,0.22028808295726776,0.3219583034515381,0.5505358576774597,0.16611868143081665,0.022785915061831474,0.14171187579631805,0.2057841271162033,0.34132832288742065,0.062282697547208624,0.07933713741073434,-0.21828607169618647,0.502688009912661,-0.08331910526843399,-0.06776887582682248,0.39503303721215977,0.32761499801097976
s1_s2_early_fusion,simulated_optical_occlusion,0.5,202,2025-06-20,1791726,0.03782428056001663,0.07170391082763672,0.05363571271300316,0.0031292871572077274,0.06977593898773193,0.024756181985139847,0.4328482747077942,0.604178786277771,0.8440406962902022,0.8044706784522492,0.8842185137061567,0.9894168126496367,0.5206328413386128,0.6226978559860031,-0.07938677301808414,-0.05540490562988791
s2_weighted,simulated_optical_occlusion,0.5,303,all_validation,3406494,0.08735208213329315,0.1473952829837799,0.058057818561792374,0.2517360746860504,0.024181164801120758,0.015433279797434807,0.4467899203300476,0.6176292896270752,0.615928000099063,0.5785248640814452,0.86272105265717,0.03809544090504102,0.8689848645218482,0.6194463818861585,-0.1504004744089724,-0.10395461663143464
s1_weighted_control,simulated_optical_occlusion,0.5,303,all_validation,2966478,0.2349195033311844,0.34970271587371826,0.45189374685287476,0.33403313159942627,0.021033428609371185,0.13271774351596832,0.3401576280593872,0.5076382160186768,0.0,0.0,0.0,0.0,0.0,0.0,0.0,0.0
s1_s2_early_fusion,simulated_optical_occlusion,0.5,303,all_validation,2966478,0.016340505331754684,0.031600404530763626,0.010443556122481823,0.0033157067373394966,0.0458412691950798,0.005761492997407913,0.4487648010253906,0.6195136904716492,0.9326238649863278,0.9138288890073595,0.9774558705591514,0.9887863453121262,0.6850662379858362,0.9121906737497529,-0.11907755841212482,-0.0821925610080139
s2_weighted,simulated_optical_occlusion,0.5,303,2025-01-01,1320652,0.08303598314523697,0.13451285660266876,0.046179745346307755,0.2795043885707855,0.002226026263087988,0.004233777988702059,0.4629960358142853,0.632942259311676,0.6349051409940404,0.6153620158547288,0.8908070095166634,-0.06800960485535779,0.9879392438356452,0.8956035558845302,-0.19212819048551566,-0.13132511842201428
s1_weighted_control,simulated_optical_occlusion,0.5,303,2025-01-01,1174752,0.19477322697639465,0.29279789328575134,0.22832489013671875,0.45610669255256653,0.0,0.09466137737035751,0.4606247842311859,0.6307229399681091,0.17089375631018763,0.16272342193795233,0.4947376640485897,-0.36545345178373295,1.0,0.2867466333997153,-0.3541509765900845,-0.2424654410669978
s1_s2_early_fusion,simulated_optical_occlusion,0.5,303,2025-01-01,1174752,0.002932529430836439,0.005801379680633545,0.0003876808623317629,0.0,0.011342437006533146,0.0,0.477512389421463,0.646373450756073,0.9879084217499908,0.9841802236460724,0.9991631272490284,1.0,0.9220764080140357,1.0,-0.19076495670852828,-0.1291123195498022
s2_weighted,simulated_optical_occlusion,0.5,303,2025-06-20,2085842,0.08817330747842789,0.15196263790130615,0.06517515331506729,0.23021668195724487,0.03611661493778229,0.021184775978326797,0.4363974630832672,0.6076277494430542,0.6123172142657735,0.5654645646221709,0.8458919631904996,0.12032283719938706,0.8043178135543547,0.4776260617770016,-0.12364184087010584,-0.08607779853843019
s1_weighted_control,simulated_optical_occlusion,0.5,303,2025-06-20,1791726,0.22028808295726776,0.3219583034515381,0.5505358576774597,0.16611868143081665,0.022785915061831474,0.14171187579631805,0.2057841271162033,0.34132832288742065,0.062282697547208624,0.07933713741073434,-0.21828607169618647,0.502688009912661,-0.08331910526843399,-0.06776887582682248,0.39503303721215977,0.32761499801097976
s1_s2_early_fusion,simulated_optical_occlusion,0.5,303,2025-06-20,1791726,0.024583980441093445,0.046728625893592834,0.016442829743027687,0.006270972080528736,0.06967533379793167,0.005946785677224398,0.4297404885292053,0.6011447310447693,0.898633882383445,0.8725757575511309,0.9645054541045966,0.9787916962991812,0.5213240083036266,0.9093666791044225,-0.07163693666537652,-0.05010489038673462
s2_weighted,simulated_optical_occlusion,0.7,101,all_validation,3406494,0.08132996410131454,0.13778327405452728,0.04537561163306236,0.24172496795654297,0.02149658091366291,0.016722673550248146,0.4305093586444855,0.6018965840339661,0.642406211719161,0.6060102943333273,0.8927084007919783,0.07634871555671356,0.8835301159442054,0.58765252703179,-0.10848107328891173,-0.07583387614306994
s1_weighted_control,simulated_optical_occlusion,0.7,101,all_validation,2966478,0.2349195033311844,0.34970271587371826,0.45189374685287476,0.33403313159942627,0.021033428609371185,0.13271774351596832,0.3401576280593872,0.5076382160186768,0.0,0.0,0.0,0.0,0.0,0.0,0.0,0.0
s1_s2_early_fusion,simulated_optical_occlusion,0.7,101,all_validation,2966478,0.01303727924823761,0.025080807507038116,0.002013199031352997,0.0,0.04526043310761452,0.004875486250966787,0.4484322667121887,0.6191967725753784,0.9462439215307988,0.9316071715040856,0.9956541795705669,1.0,0.6890566356635397,0.9256940582879569,-0.11824832294968225,-0.0816389555024868
s2_weighted,simulated_optical_occlusion,0.7,101,2025-01-01,1320652,0.0943291187286377,0.1502029299736023,0.058477457612752914,0.3106878995895386,0.004714516457170248,0.003436601022258401,0.4532140791416168,0.6237402558326721,0.5852511766838295,0.5704964294348838,0.8617288071920999,-0.18716440400337442,0.9744564408939677,0.9152603354439584,-0.16694148173305992,-0.1148773974451826
s1_weighted_control,simulated_optical_occlusion,0.7,101,2025-01-01,1174752,0.19477322697639465,0.29279789328575134,0.22832489013671875,0.45610669255256653,0.0,0.09466137737035751,0.4606247842311859,0.6307229399681091,0.17089375631018763,0.16272342193795233,0.4947376640485897,-0.36545345178373295,1.0,0.2867466333997153,-0.3541509765900845,-0.2424654410669978
s1_s2_early_fusion,simulated_optical_occlusion,0.7,101,2025-01-01,1174752,0.0028395229019224644,0.0056152669712901115,0.0,0.0,0.011358091607689857,0.0,0.4778974652290344,0.646726131439209,0.9882919117536374,0.9846877342039945,1.0,1.0,0.921968859455244,1.0,-0.19172521404946935,-0.1297283969950164
s2_weighted,simulated_optical_occlusion,0.7,101,2025-06-20,2085842,0.06816287338733673,0.12031836807727814,0.03753253072500229,0.1872674524784088,0.024736789986491203,0.023114705458283424,0.41629236936569214,0.5878621935844421,0.7002996326873953,0.6559509944124194,0.9112535324840549,0.2844354289160534,0.8659744508575318,0.43003788506137364,-0.07187498513251514,-0.05074871520823971
s1_weighted_control,simulated_optical_occlusion,0.7,101,2025-06-20,1791726,0.22028808295726776,0.3219583034515381,0.5505358576774597,0.16611868143081665,0.022785915061831474,0.14171187579631805,0.2057841271162033,0.34132832288742065,0.062282697547208624,0.07933713741073434,-0.21828607169618647,0.502688009912661,-0.08331910526843399,-0.06776887582682248,0.39503303721215977,0.32761499801097976
s1_s2_early_fusion,simulated_optical_occlusion,0.7,101,2025-06-20,1791726,0.019045917317271233,0.03592260926961899,0.0032186233438551426,0.0,0.06777001917362213,0.005195032339543104,0.429077684879303,0.6004959940910339,0.921468750777617,0.9020426732985626,0.9930520734092667,1.0,0.5344136961109356,0.9208239444552382,-0.06998411387592295,-0.0489716494008108
s2_weighted,simulated_optical_occlusion,0.7,202,all_validation,3406494,0.0918053463101387,0.15380088984966278,0.05222597345709801,0.26561251282691956,0.03179016336798668,0.01759272813796997,0.43070778250694275,0.6020904779434204,0.5963477675880811,0.5602081040753878,0.8765105744971405,-0.014927587790181784,0.8277588116707962,0.566198732008316,-0.10899197762027239,-0.07618044338020354
s1_weighted_control,simulated_optical_occlusion,0.7,202,all_validation,2966478,0.2349195033311844,0.34970271587371826,0.45189374685287476,0.33403313159942627,0.021033428609371185,0.13271774351596832,0.3401576280593872,0.5076382160186768,0.0,0.0,0.0,0.0,0.0,0.0,0.0,0.0
s1_s2_early_fusion,simulated_optical_occlusion,0.7,202,all_validation,2966478,0.013008136302232742,0.02502247877418995,0.0009218391496688128,0.0,0.045163221657276154,0.005947486963123083,0.44841378927230835,0.6191791296005249,0.9463640854440228,0.9317662280663972,0.9980100589425629,1.0,0.6897244873243572,0.9093559909993949,-0.11820224605537194,-0.08160813601224116
s2_weighted,simulated_optical_occlusion,0.7,202,2025-01-01,1320652,0.10658740997314453,0.1645769476890564,0.05909401550889015,0.3568333685398102,0.004520557355135679,0.00590170593932271,0.4778512418270111,0.6466838121414185,0.5313535898299557,0.5293940891993185,0.8602709429275728,-0.36349009359791706,0.9755073240188824,0.8544758095666417,-0.2303775673556534,-0.15588685948717423
s1_weighted_control,simulated_optical_occlusion,0.7,202,2025-01-01,1174752,0.19477322697639465,0.29279789328575134,0.22832489013671875,0.45610669255256653,0.0,0.09466137737035751,0.4606247842311859,0.6307229399681091,0.17089375631018763,0.16272342193795233,0.4947376640485897,-0.36545345178373295,1.0,0.2867466333997153,-0.3541509765900845,-0.2424654410669978
s1_s2_early_fusion,simulated_optical_occlusion,0.7,202,2025-01-01,1174752,0.0028384714387357235,0.005613211076706648,0.0,0.0,0.011353885754942894,0.0,0.4778974652290344,0.646726131439209,0.9882962472086428,0.9846933404208443,1.0,1.0,0.9219977540528704,1.0,-0.19172521404946935,-0.1297283969950164
s2_weighted,simulated_optical_occlusion,0.7,202,2025-06-20,2085842,0.07655502110719681,0.1350790113210678,0.04839048907160759,0.19480131566524506,0.04035139083862305,0.022676873952150345,0.4009242355823517,0.5723710656166077,0.6634008103638198,0.6137431028742203,0.885579658938017,0.25564790866869397,0.7813735202197942,0.4408339288038625,-0.032304915194331645,-0.023059772141363635
s1_weighted_control,simulated_optical_occlusion,0.7,202,2025-06-20,1791726,0.22028808295726776,0.3219583034515381,0.5505358576774597,0.16611868143081665,0.022785915061831474,0.14171187579631805,0.2057841271162033,0.34132832288742065,0.062282697547208624,0.07933713741073434,-0.21828607169618647,0.502688009912661,-0.08331910526843399,-0.06776887582682248,0.39503303721215977,0.32761499801097976
s1_s2_early_fusion,simulated_optical_occlusion,0.7,202,2025-06-20,1791726,0.01883332058787346,0.03550887107849121,0.0014742029597982764,0.0,0.0675458312034607,0.006313248537480831,0.42906641960144043,0.6004849076271057,0.9223453421468897,0.9031708955513776,0.9968176910280369,1.0,0.53595388821471,0.9037815196901295,-0.06995602183390796,-0.048952283099507804
s2_weighted,simulated_optical_occlusion,0.7,303,all_validation,3406494,0.09654247760772705,0.1602795422077179,0.05188654363155365,0.2804814279079437,0.037418365478515625,0.016383590176701546,0.41429123282432556,0.5858641266822815,0.5755194204345261,0.5416824713149362,0.8773131635420234,-0.07174295373671964,0.7972648438212743,0.5960136405694876,-0.06672243284385865,-0.047177357408303505
s1_weighted_control,simulated_optical_occlusion,0.7,303,all_validation,2966478,0.2349195033311844,0.34970271587371826,0.45189374685287476,0.33403313159942627,0.021033428609371185,0.13271774351596832,0.3401576280593872,0.5076382160186768,0.0,0.0,0.0,0.0,0.0,0.0,0.0,0.0
s1_s2_early_fusion,simulated_optical_occlusion,0.7,303,all_validation,2966478,0.013875596225261688,0.026737533509731293,0.0021133553236722946,0.0,0.045224178582429886,0.008164851926267147,0.44862061738967896,0.6193763017654419,0.9427873235442932,0.9270894470514291,0.9954379757802219,1.0,0.6893057076069418,0.8755617429542819,-0.1187180100013615,-0.081952564639716
s2_weighted,simulated_optical_occlusion,0.7,303,2025-01-01,1320652,0.11995556950569153,0.1818062663078308,0.07114313542842865,0.39402806758880615,0.008800889365375042,0.0058501712046563625,0.4606263041496277,0.6307243704795837,0.47257610403602274,0.48012704849333376,0.8317805424968147,-0.5056141440901397,0.9523162046983198,0.8557465524024629,-0.18602657469877132,-0.12736084947220144
s1_weighted_control,simulated_optical_occlusion,0.7,303,2025-01-01,1174752,0.19477322697639465,0.29279789328575134,0.22832489013671875,0.45610669255256653,0.0,0.09466137737035751,0.4606247842311859,0.6307229399681091,0.17089375631018763,0.16272342193795233,0.4947376640485897,-0.36545345178373295,1.0,0.2867466333997153,-0.3541509765900845,-0.2424654410669978
s1_s2_early_fusion,simulated_optical_occlusion,0.7,303,2025-01-01,1174752,0.002847278956323862,0.005630833096802235,3.586905950214714e-05,0.0,0.011353246867656708,0.0,0.4779055714607239,0.6467335820198059,0.9882599315328356,0.9846452869521587,0.9999225707497662,1.0,0.9220021432676561,1.0,-0.1917454284289087,-0.1297414119824512
s2_weighted,simulated_optical_occlusion,0.7,303,2025-06-20,2085842,0.07439021021127701,0.13140453398227692,0.041009992361068726,0.19172035157680511,0.04431227967143059,0.02051820419728756,0.38538089394569397,0.5563536882400513,0.6729191095262202,0.6242502290484478,0.9030310004521946,0.2674205296836766,0.7599131649675888,0.4940623803260395,0.007716282194147636,0.005569792547600525
s1_weighted_control,simulated_optical_occlusion,0.7,303,2025-06-20,1791726,0.22028808295726776,0.3219583034515381,0.5505358576774597,0.16611868143081665,0.022785915061831474,0.14171187579631805,0.2057841271162033,0.34132832288742065,0.062282697547208624,0.07933713741073434,-0.21828607169618647,0.502688009912661,-0.08331910526843399,-0.06776887582682248,0.39503303721215977,0.32761499801097976
s1_s2_early_fusion,simulated_optical_occlusion,0.7,303,2025-06-20,1791726,0.019927166402339935,0.03766518831253052,0.003357864450663328,0.0,0.06770170480012894,0.00864909403026104,0.4293833076953888,0.6007952094078064,0.9178351325919616,0.8972908362778056,0.9927514986339167,1.0,0.5348830221793806,0.8681815425595516,-0.07074624057132971,-0.049494331296192795
