epoch,train_pixel_accuracy,train_mean_iou,train_macro_dice,train_iou_background,train_iou_low,train_iou_mid,train_iou_high,train_dice_background,train_dice_low,train_dice_mid,train_dice_high,train_loss,validation_pixel_accuracy,validation_mean_iou,validation_macro_dice,validation_iou_background,validation_iou_low,validation_iou_mid,validation_iou_high,validation_dice_background,validation_dice_low,validation_dice_mid,validation_dice_high,validation_loss
1,0.7349864840507507,0.39156338572502136,0.5132616758346558,0.7180294990539551,0.4448254108428955,0.3741118013858795,0.02928686887025833,0.8358756303787231,0.615749716758728,0.5445143580436707,0.056907106190919876,0.7988466866849029,0.4998529255390167,0.18323378264904022,0.2773074209690094,0.46923887729644775,0.15724490582942963,0.08482664823532104,0.02162468433380127,0.6387509703636169,0.2717573642730713,0.15638747811317444,0.04233390837907791,1.1776519052582224
2,0.8535105586051941,0.4773869216442108,0.5876143574714661,0.8417438268661499,0.5716249346733093,0.4500204026699066,0.04615861549973488,0.9140726327896118,0.7274317145347595,0.6207090616226196,0.0882440134882927,0.47963423968357394,0.4950697124004364,0.17671087384223938,0.2619093060493469,0.49485307931900024,0.0808243528008461,0.12101485580205917,0.010151220485568047,0.6620758771896362,0.1495605707168579,0.21590232849121094,0.02009841799736023,1.4214527085710469
3,0.8752471208572388,0.5059157013893127,0.6076798439025879,0.8672101497650146,0.6159643530845642,0.5051559805870056,0.03533231094479561,0.9288832545280457,0.7623489499092102,0.6712340712547302,0.06825307756662369,0.4055127875034304,0.5087664723396301,0.20321065187454224,0.3057360053062439,0.4860934615135193,0.17005331814289093,0.14095032215118408,0.015745531767606735,0.6541895866394043,0.29067620635032654,0.24707530438899994,0.03100290708243847,1.585793784158952
4,0.8828222751617432,0.5068387389183044,0.6052835583686829,0.8724870681762695,0.6633995771408081,0.4595365822315216,0.03193170204758644,0.9319018125534058,0.7976430654525757,0.6297020316123962,0.061887238174676895,0.37010214445483974,0.49313899874687195,0.19916637241840363,0.3009459972381592,0.47085291147232056,0.18256351351737976,0.1337050348520279,0.009544079191982746,0.640244722366333,0.3087589144706726,0.23587270081043243,0.0189077015966177,1.611801933113235
5,0.8777149319648743,0.5001440048217773,0.601259171962738,0.8696659207344055,0.599209189414978,0.5027645826339722,0.02893638238310814,0.930290162563324,0.7493818402290344,0.6691195368766785,0.05624523013830185,0.374283913268748,0.5280537605285645,0.21539396047592163,0.31943807005882263,0.514132022857666,0.16549727320671082,0.169105663895607,0.012840819545090199,0.6791112422943115,0.28399428725242615,0.2892906367778778,0.025356044992804527,1.433469673535084
6,0.9068418741226196,0.5360347032546997,0.6258451342582703,0.9026517868041992,0.6746913194656372,0.5444129705429077,0.022382786497473717,0.9488354921340942,0.8057500720024109,0.7050095796585083,0.04378553107380867,0.2979158989692799,0.5184532999992371,0.21476870775222778,0.3206726014614105,0.4929550588130951,0.17619946599006653,0.1837712973356247,0.006148988381028175,0.6603749394416809,0.29960814118385315,0.31048446893692017,0.012222819030284882,1.3103382820826095
7,0.8958348035812378,0.5320213437080383,0.6213847398757935,0.8816196918487549,0.6990007758140564,0.5314106941223145,0.016054166480898857,0.9370859265327454,0.8228375315666199,0.6940146088600159,0.03160100802779198,0.3123213855128813,0.5073260068893433,0.21188586950302124,0.3174522817134857,0.4928916394710541,0.1581965833902359,0.18226808309555054,0.014187131077051163,0.6603180170059204,0.27317744493484497,0.3083363175392151,0.027977343648672104,1.4390485718719614
8,0.9026050567626953,0.529057502746582,0.6162290573120117,0.8976864814758301,0.6986048221588135,0.5089923143386841,0.010946475900709629,0.9460850954055786,0.822563111782074,0.6746122241020203,0.021655896678566933,0.2980631286227945,0.5248827934265137,0.20501072704792023,0.3016914427280426,0.5225523114204407,0.1043815016746521,0.1793053299188614,0.013803769834339619,0.6864162087440491,0.18903160095214844,0.3040863573551178,0.027231641113758087,1.3391317906225868
9,0.8941781520843506,0.5105191469192505,0.6014106869697571,0.8865577578544617,0.6745966672897339,0.47094017267227173,0.009981954470276833,0.939868152141571,0.8056825995445251,0.6403254270553589,0.01976659893989563,0.3066904376883534,0.5330480337142944,0.21685285866260529,0.321647047996521,0.5133206248283386,0.18451058864593506,0.15610314905643463,0.013477088883519173,0.6784030199050903,0.3115389347076416,0.2700505554676056,0.026595745235681534,1.157665653822923
10,0.9015213847160339,0.5412189364433289,0.6255524754524231,0.8917173743247986,0.7286558747291565,0.5345290899276733,0.009973459877073765,0.94275963306427,0.8430317044258118,0.6966685652732849,0.019749945029616356,0.3134988084455403,0.5429535508155823,0.21378247439861298,0.3125392198562622,0.5392265319824219,0.12571491301059723,0.1782561093568802,0.011932353489100933,0.7006461024284363,0.22335125505924225,0.3025761842727661,0.02358330227434635,1.1940761874717098
