method,condition,macro_miou_mean,macro_miou_std,macro_dice_mean,macro_dice_std,nll_mean,nll_std,brier_mean,brier_std,ece_mean,ece_std,mean_entropy_mean,mean_entropy_std,entropy_correct_mean,entropy_correct_std,entropy_incorrect_mean,entropy_incorrect_std,error_auroc_entropy_mean,error_auroc_entropy_std,risk_coverage_auc_mean,risk_coverage_auc_std
modality_dropout,clean,0.2725366950035095,0.015691703225278696,0.4156826436519623,0.015657178346783755,1.0247544754320892,0.09055788721475576,0.6126755467591394,0.05051020212189105,0.14913848792694417,0.031469174545146666,0.7520052393277487,0.039256744209055484,0.7248361508051554,0.034681942582877906,0.7837964097658793,0.048678492264302035,0.5584830658717231,0.04187594105834362,0.43191485594438567,0.06284622535246362
modality_dropout,missing_s1_zero,0.18860386312007904,0.018775598356746342,0.30431172251701355,0.028868615323733825,1.283422237424734,0.09415088822926079,0.7380757335066196,0.046735410535882385,0.21320219260839046,0.031002776741447875,0.9204987486203512,0.01793410531205166,0.873222271601359,0.03139013501202935,0.9535584449768066,0.005436552827207135,0.594408421283868,0.0215309170423921,0.5376980315146179,0.040714615216452754
modality_dropout,missing_s2_zero,0.21042514344056448,0.02628115622367898,0.31784114241600037,0.03415237069511509,1.072215123851205,0.13067980307249394,0.6055499986932104,0.055951791549603065,0.07632804526287762,0.03367712485729319,1.0494614243507385,0.16093746987299357,1.0301952362060547,0.13972365089341585,1.068135678768158,0.1809412598528896,0.5542774572411832,0.07419535335663054,0.4481029882981517,0.0721673547779623
modality_dropout,occlusion_30,0.18478951851526895,0.008902624180623988,0.26463298002878827,0.016308829173726638,1.2548097462750158,0.17358608233459336,0.6658627922468159,0.0421750447716226,0.2261451969097994,0.044581250900085974,0.6191454331080118,0.09325125365989419,0.5832245250542959,0.08389000349056737,0.6641739805539449,0.10616353491145382,0.582920477891638,0.020383281001761018,0.3819416486851916,0.0074656097367150984
modality_dropout,occlusion_50,0.17031042774518332,0.007280823447542814,0.23949763178825378,0.01475134431726279,1.39109741658676,0.17847427066764687,0.7039374322850195,0.02983211982341338,0.24852619751830277,0.03631930797482276,0.6050731937090555,0.0799450565418189,0.5762041310469309,0.07620082621670642,0.6397308111190796,0.08975896408287391,0.5585023641877699,0.03825956653883978,0.41109970039932614,0.023859014721541963
modality_dropout,occlusion_70,0.16208336253960928,0.005150347312904372,0.222193772594134,0.008740004146981882,1.6952542802248012,0.34034757144352995,0.7622493491624369,0.039365324772541344,0.31088014999461605,0.029582688660872186,0.4647989571094513,0.07475971242340188,0.4562945564587911,0.07436947862967241,0.475246121486028,0.07529514530027798,0.5159718976006711,0.008617241747970194,0.44190121858018855,0.005729142792360685
occlusion_training,clean,0.2647945483525594,0.00887725104898717,0.406391719977061,0.010414318687723181,1.1406582399123641,0.10899035170134472,0.6687756436164226,0.037313711317633697,0.2019479775026177,0.03211449342083259,0.653320829073588,0.05246839552066995,0.6296512087186178,0.053582150427092974,0.6788708964983622,0.05272344321838285,0.5404775551907245,0.015703923076010623,0.44703563817252,0.009370539424434188
occlusion_training,missing_s1_zero,0.17457362016042074,0.030505520839438464,0.2836538056532542,0.04589132130059133,1.348511829340776,0.2570317524747508,0.7634048219386761,0.0978493609184873,0.22554193087948063,0.05619578316956723,0.9377065499623617,0.053222619907458205,0.9041678309440613,0.055405554933654455,0.9595226049423218,0.05254609760611979,0.5667980071558132,0.04535507664752731,0.587393569542681,0.07735460256886867
occlusion_training,missing_s2_zero,0.21297223369280496,0.013212336396520702,0.33024924000104267,0.011116074936604213,1.1833933641875427,0.21338918662200232,0.6935157636543585,0.10980983465711812,0.1967723397059493,0.1027362186814976,0.7871631582578024,0.06261061579078407,0.7333381772041321,0.09383476742421697,0.8276553352673849,0.060926056045182815,0.5887331853960419,0.044169516871478125,0.46937628738883985,0.04440026065174976
occlusion_training,occlusion_30,0.2813786466916402,0.00833740722301285,0.4219100574652354,0.009602857882908825,1.0260731407539512,0.09345350727348191,0.6017035634390485,0.03866938262807132,0.1608976803563631,0.03943944928677984,0.6542485356330872,0.080535071494039,0.6205047567685446,0.07499586969681546,0.6974777380625407,0.0865230144164544,0.5737332099349519,0.017827545086720055,0.3881126359908047,0.010836168100905397
occlusion_training,occlusion_50,0.26410236954689026,0.009095113126048928,0.40040159225463867,0.012428849182153683,1.056155022444756,0.11217534583041086,0.6225686133698222,0.05865519312472573,0.17059425649777105,0.05803176515446421,0.6749050418535868,0.11008135473421635,0.6500661571820577,0.09953295411756219,0.7046611507733663,0.12250012067528587,0.5523206382647873,0.03846391152133801,0.4223270983853024,0.030940198145799038
occlusion_training,occlusion_70,0.2534024268388748,0.016559524347455352,0.38214080532391864,0.018833952944986954,1.0199494964019622,0.1198981995288649,0.6021242753243493,0.0700848995451629,0.13951869918057316,0.0877963207504984,0.7248468001683553,0.0905910878036499,0.6915818254152933,0.09990974767112157,0.7643071214358012,0.08370449343845283,0.5691685532195966,0.014267011894333922,0.40811547856577923,0.02239903453030717
original,clean,0.25914743542671204,0.017057741035341564,0.39120076100031537,0.024872026870889623,1.0620424632218886,0.01367552960145868,0.6025036225486714,0.012009119622822348,0.12792232913783894,0.009287045127754773,0.7866754531860352,0.018294172134339117,0.752771258354187,0.024832520293664253,0.8269382913907369,0.009460375817165283,0.5872603570944799,0.018602635710274464,0.40283475599666035,0.021338793317329796
original,missing_s1_zero,0.1538767615954081,0.019936750948530018,0.23796363174915314,0.02867422930990193,2.4620760445797734,0.660903660495447,0.8060968628032974,0.059104624640363826,0.260337194082116,0.02468724580941438,0.7705458601315817,0.02320152959499733,0.6550497810045878,0.010463050739820753,0.8531228303909302,0.028199521808786276,0.6242875998181576,0.01123509846600421,0.4917802034248863,0.044417744435514134
original,missing_s2_zero,0.02746660386522611,0.01170232136475723,0.052761197090148926,0.02205683224565109,2.8149084668966027,0.3984300199923636,1.1762456979883495,0.07987898510986398,0.473280204725117,0.051109971786741336,1.0439831614494324,0.06934081867153749,1.1114974816640217,0.09162648490155659,1.0391966303189595,0.0671476128176462,0.370284501976867,0.08085741832236074,0.9558588956697095,0.0038069245423203637
original,occlusion_30,0.09336839367945989,0.047358781844361535,0.14977329224348068,0.057489911042035914,2.1364824123312927,0.6730391466735551,0.9815637939639617,0.24731479886426683,0.33362601730574815,0.1893775405969541,0.9898396730422974,0.09976576923102132,0.9553806583086649,0.08345736287530249,1.0200295050938923,0.12271244654597686,0.5570371086635191,0.14641581221967187,0.6997942985013866,0.24647116571878086
original,occlusion_50,0.05470621399581432,0.047659689891064845,0.09382446234424908,0.07246765035691273,2.5844553639591012,0.7912946617599792,1.134603899037287,0.25789661059152375,0.42219638932731907,0.21345404549216138,0.9970294237136841,0.1695455745903523,1.0110698143641155,0.14514739498119775,1.003445327281952,0.18184865694213265,0.4852412729193316,0.14446588238110306,0.8392465368975331,0.18597550633088786
original,occlusion_70,0.03196256794035435,0.021500851676586934,0.060053846488396324,0.039258844985969626,3.115594889939068,0.8206260702395098,1.2585304424275747,0.18932348359278883,0.5097143108316892,0.1478588256339218,0.9303268790245056,0.18124570731192577,0.985195517539978,0.19231599704141691,0.9258847832679749,0.17918724374905523,0.37816473431680603,0.07410408310766703,0.9458306587825196,0.0338200750079074
