method,seed,condition,error_auroc_entropy,mean_entropy,entropy_correct,entropy_incorrect
original,42,clean,0.5665043641854016,0.8028712868690491,0.7763732075691223,0.8327265977859497
original,42,occlusion_30,0.42739839007553276,0.8854469060897827,0.9369646310806274,0.87835693359375
original,42,occlusion_50,0.4516836340329892,0.807938814163208,0.846531867980957,0.8054865002632141
original,42,occlusion_70,0.4392873570003432,0.7333504557609558,0.7662574052810669,0.7317594885826111
original,42,missing_s1_zero,0.6246971372973004,0.793610155582428,0.6444383263587952,0.8821882009506226
original,42,missing_s2_zero,0.36432267998694406,0.9939259886741638,1.0860228538513184,0.9884564280509949
original,7,clean,0.5928477769513748,0.7668324112892151,0.7268683314323425,0.8160210251808167
original,7,occlusion_30,0.5278727350560422,1.084223985671997,1.0465079545974731,1.093103289604187
original,7,occlusion_50,0.3605075316958571,1.0476514101028442,1.1209651231765747,1.0417768955230713
original,7,occlusion_70,0.29574367094668236,0.9675760269165039,1.062492847442627,0.9609426259994507
original,7,missing_s1_zero,0.635312330035828,0.7708179354667664,0.6653578281402588,0.851302981376648
original,7,missing_s2_zero,0.29257300560485505,1.1231306791305542,1.2131656408309937,1.1153395175933838
original,123,clean,0.6024289301466633,0.7903226613998413,0.7550722360610962,0.8320672512054443
original,123,occlusion_30,0.7158402008589824,0.9998481273651123,0.8826693892478943,1.0886282920837402
original,123,occlusion_50,0.6435326530291485,1.135498046875,1.0657124519348145,1.1630725860595703
original,123,occlusion_70,0.3994631750033926,1.0900541543960571,1.1268362998962402,1.0849522352218628
original,123,missing_s1_zero,0.6128533321213445,0.7472094893455505,0.6553531885147095,0.82587730884552
original,123,missing_s2_zero,0.45395782033880194,1.014892816543579,1.0353039503097534,1.0137939453125
modality_dropout,42,clean,0.5994315692638343,0.7417673468589783,0.7019086480140686,0.7943454384803772
modality_dropout,42,occlusion_30,0.5661124117452442,0.6148352026939392,0.5901002287864685,0.6464002728462219
modality_dropout,42,occlusion_50,0.5180179102768417,0.6318950653076172,0.6225666999816895,0.6431549191474915
modality_dropout,42,occlusion_70,0.5255405199644848,0.503105640411377,0.4922518730163574,0.5164369344711304
modality_dropout,42,missing_s1_zero,0.5700594730365337,0.9393707513809204,0.907230794429779,0.958945095539093
modality_dropout,42,missing_s2_zero,0.6033339439631819,1.1113953590393066,1.0837503671646118,1.1469234228134155
modality_dropout,7,clean,0.5602800847272449,0.7953665852546692,0.7647355198860168,0.8263354301452637
modality_dropout,7,occlusion_30,0.6055931769399915,0.7144770622253418,0.6634650826454163,0.7781025767326355
modality_dropout,7,occlusion_50,0.5940596548189214,0.6681583523750305,0.6177874207496643,0.7277287244796753
modality_dropout,7,occlusion_70,0.5088237008701381,0.5126416087150574,0.5058519840240479,0.5209594368934631
modality_dropout,7,missing_s1_zero,0.6109334043573993,0.9036791324615479,0.8453595638275146,0.9480733275413513
modality_dropout,7,missing_s2_zero,0.5905772197046891,1.1702311038970947,1.1352189779281616,1.1963249444961548
modality_dropout,123,clean,0.5157375436240901,0.7188817858695984,0.7078642845153809,0.7307083606719971
modality_dropout,123,occlusion_30,0.5770558449896787,0.5281240344047546,0.4961082637310028,0.5680190920829773
modality_dropout,123,occlusion_50,0.5634295274675466,0.515166163444519,0.4882582724094391,0.548308789730072
modality_dropout,123,occlusion_70,0.5135514719673905,0.37864962220191956,0.370779812335968,0.3883419930934906
modality_dropout,123,missing_s1_zero,0.6022323864576707,0.9184463620185852,0.8670764565467834,0.9536569118499756
modality_dropout,123,missing_s2_zero,0.4689212080556786,0.8667578101158142,0.8716163635253906,0.8611586689949036
occlusion_training,42,clean,0.5255283991235464,0.6189988851547241,0.6051501035690308,0.6356110572814941
occlusion_training,42,occlusion_30,0.5886755377285893,0.7095165252685547,0.6685644388198853,0.759316623210907
occlusion_training,42,occlusion_50,0.5422232405998428,0.7122240662574768,0.6868495345115662,0.7423790097236633
occlusion_training,42,occlusion_70,0.580659195588108,0.7615138292312622,0.7258099913597107,0.8034831881523132
occlusion_training,42,missing_s1_zero,0.5696241800361772,0.8784946203231812,0.8406358957290649,0.907766580581665
occlusion_training,42,missing_s2_zero,0.5698299796059294,0.859036386013031,0.8313755393028259,0.888092041015625
occlusion_training,7,clean,0.5390636434967713,0.7137187719345093,0.6911035776138306,0.7375980019569397
occlusion_training,7,occlusion_30,0.5785244476748297,0.6913832426071167,0.6588614583015442,0.7345156073570251
occlusion_training,7,occlusion_50,0.5948260375635086,0.7614756226539612,0.7259721159934998,0.8038670420646667
occlusion_training,7,occlusion_70,0.5531996572269731,0.79135662317276,0.7698788642883301,0.8212394714355469
occlusion_training,7,missing_s1_zero,0.6106739098613473,0.9815641045570374,0.9294111132621765,1.0128246545791626
occlusion_training,7,missing_s2_zero,0.5571610411584642,0.7444612979888916,0.7242753505706787,0.7662514448165894
occlusion_training,123,clean,0.5568406229518558,0.6272448301315308,0.5926999449729919,0.6634036302566528
occlusion_training,123,occlusion_30,0.5539996444014368,0.5618458390235901,0.5340883731842041,0.5986009836196899
occlusion_training,123,occlusion_50,0.5199126366310106,0.5510154366493225,0.5373768210411072,0.5677374005317688
occlusion_training,123,occlusion_70,0.5736468068437088,0.6216699481010437,0.5790566205978394,0.6681987047195435
occlusion_training,123,missing_s1_zero,0.520095931569915,0.9530609250068665,0.9424564838409424,0.9579765796661377
occlusion_training,123,missing_s2_zero,0.6392085354237319,0.7579917907714844,0.6443636417388916,0.8286225199699402
