method,seed,condition,macro_miou,macro_dice,iou_0,iou_1,iou_2,iou_3,nll,brier,ece,mean_entropy,entropy_correct,entropy_incorrect,error_auroc_entropy,risk_coverage_auc,valid_pixels
original,42,clean,0.24248433113098145,0.36664801836013794,0.4632706940174103,0.2956025004386902,0.14558835327625275,0.06547575443983078,1.075411362712786,0.6112128262349324,0.1299960840418447,0.8028712868690491,0.7763732075691223,0.8327265977859497,0.5665043641854016,0.42635778171025457,2966478
original,42,occlusion_30,0.050865620374679565,0.09441151469945908,0.11019088327884674,0.0392039492726326,0.047851428389549255,0.00621621822938323,2.8351287231440785,1.2282538601963338,0.5316458070004881,0.8854469060897827,0.9369646310806274,0.87835693359375,0.42739839007553276,0.8905048420856818,2966478
original,42,occlusion_50,0.019725067541003227,0.03807452693581581,0.026172038167715073,0.0013535779435187578,0.04639695957303047,0.004977694246917963,3.353134945506085,1.3782430042566471,0.6301512897245203,0.807938814163208,0.846531867980957,0.8054865002632141,0.4516836340329892,0.9467072108793917,2966478
original,42,occlusion_70,0.013025505468249321,0.025057636201381683,0.002027841517701745,0.0,0.04525742679834366,0.004816750530153513,3.970755282021306,1.4566879767648706,0.6729821253267841,0.7333504557609558,0.7662574052810669,0.7317594885826111,0.4392873570003432,0.963436419023088,2966478
original,42,missing_s1_zero,0.13176541030406952,0.20589394867420197,0.3770570456981659,0.11200519651174545,0.023617884144186974,0.01438155584037304,3.2116886669773046,0.8736490858751523,0.2880348357907042,0.793610155582428,0.6444383263587952,0.8821882009506226,0.6246971372973004,0.5418889168118434,2966478
original,42,missing_s2_zero,0.024769527837634087,0.04820188879966736,0.02333013154566288,0.01598557084798813,0.039139922708272934,0.020622486248612404,3.16890742890222,1.2349545329933342,0.5038949795790514,0.9939259886741638,1.0860228538513184,0.9884564280509949,0.36432267998694406,0.9595241722891537,2966478
original,7,clean,0.27657416462898254,0.41638022661209106,0.47804784774780273,0.3204266428947449,0.16288277506828308,0.14493943750858307,1.0480796548234135,0.5888038999209458,0.11777370856755526,0.7668324112892151,0.7268683314323425,0.8160210251808167,0.5928477769513748,0.38472150745598055,2966478
original,7,occlusion_30,0.08482062071561813,0.14573045074939728,0.231665700674057,0.04348877817392349,0.047657474875450134,0.016470521688461304,2.081950186645999,0.9828085604060607,0.31495898181432347,1.084223985671997,1.0465079545974731,1.093103289604187,0.5278727350560422,0.7873875220709439,2966478
original,7,occlusion_50,0.03540432080626488,0.06765760481357574,0.06776212900876999,0.01828264631330967,0.03742346912622452,0.01814904436469078,2.6278959109927666,1.1610767992380189,0.4327994745069506,1.0476514101028442,1.1209651231765747,1.0417768955230713,0.3605075316958571,0.9465318563365103,2966478
original,7,occlusion_70,0.02752687782049179,0.05259787663817406,0.04812980815768242,0.0,0.05242222175002098,0.009555477648973465,3.041501150522606,1.2394115097305627,0.47132329757077207,0.9675760269165039,1.062492847442627,0.9609426259994507,0.29574367094668236,0.9672159448586807,2966478
original,7,missing_s1_zero,0.15938355028629303,0.2468666434288025,0.4112750291824341,0.15816204249858856,0.041684042662382126,0.02641310542821884,2.2111823465929126,0.7807397489758899,0.2523270878544715,0.7708179354667664,0.6653578281402588,0.851302981376648,0.635312330035828,0.4762007426551895,2966478
original,7,missing_s2_zero,0.040281992405653,0.07674138993024826,0.06178846210241318,0.05815636366605759,0.024037599563598633,0.017145540565252304,2.383429061331316,1.085282784469074,0.41427749848109946,1.1231306791305542,1.2131656408309937,1.1153395175933838,0.29257300560485505,0.956127919784864,2966478
original,123,clean,0.2583838105201721,0.39057403802871704,0.48525354266166687,0.2840060889720917,0.14369800686836243,0.12057752162218094,1.0626363721294663,0.6074941414901358,0.13599719480411687,0.7903226613998413,0.7550722360610962,0.8320672512054443,0.6024289301466633,0.397424978823746,2966478
original,123,occlusion_30,0.14441893994808197,0.2091779112815857,0.4777713418006897,0.012430104427039623,0.06799602508544922,0.019478244706988335,1.4923683272038002,0.7336289612894904,0.15427326310243283,0.9998481273651123,0.8826693892478943,1.0886282920837402,0.7158402008589824,0.4214905313475342,2966478
original,123,occlusion_50,0.10898925364017487,0.1757412552833557,0.32607588171958923,0.039018526673316956,0.050401344895362854,0.020461255684494972,1.772335235378452,0.8644918936171953,0.20363840375048634,1.135498046875,1.0657124519348145,1.1630725860595703,0.6435326530291485,0.6245005434766976,2966478
original,123,occlusion_70,0.05533532053232193,0.10250602662563324,0.11952126771211624,0.036110058426856995,0.04387050122022629,0.021839438006281853,2.334528237273292,1.0794918407872904,0.3848375095975115,1.0900541543960571,1.1268362998962402,1.0849522352218628,0.3994631750033926,0.9068396124657901,2966478
original,123,missing_s1_zero,0.17048132419586182,0.26113030314445496,0.43840575218200684,0.16056130826473236,0.058738019317388535,0.024220233783125877,1.963357120169103,0.7639017535588499,0.24064965860117227,0.7472094893455505,0.6553531885147095,0.82587730884552,0.6128533321213445,0.4572509508076261,2966478
original,123,missing_s2_zero,0.017348291352391243,0.03334031254053116,0.004282841924577951,0.013430089689791203,0.05143601447343826,0.00024422124261036515,2.8923889104562717,1.2084997765026404,0.5016681361152002,1.014892816543579,1.0353039503097534,1.0137939453125,0.45395782033880194,0.9519245949351108,2966478
modality_dropout,42,clean,0.29056456685066223,0.43374955654144287,0.45117250084877014,0.39158815145492554,0.17473608255386353,0.14476144313812256,0.9202345353332302,0.5544081480525896,0.11280101555208251,0.7417673468589783,0.7019086480140686,0.7943454384803772,0.5994315692638343,0.3600492671971388,2966478
modality_dropout,42,occlusion_30,0.1868799328804016,0.26771438121795654,0.5549474358558655,0.0373026505112648,0.04693334177136421,0.10833625495433807,1.0703789890423088,0.6331629642647779,0.21984659010459295,0.6148352026939392,0.5901002287864685,0.6464002728462219,0.5661124117452442,0.384721592906184,2966478
modality_dropout,42,occlusion_50,0.17280063033103943,0.2437887340784073,0.5462580919265747,0.009826620109379292,0.03271370381116867,0.10240411013364792,1.185332888866865,0.6806159990720688,0.23671982436642341,0.6318950653076172,0.6225666999816895,0.6431549191474915,0.5180179102768417,0.43833396877012754,2966478
modality_dropout,42,occlusion_70,0.1599738597869873,0.21875180304050446,0.5516241192817688,5.196442998567363e-06,0.006054497789591551,0.08221164345741272,1.3023293505589795,0.719624684532255,0.298406433288836,0.503105640411377,0.4922518730163574,0.5164369344711304,0.5255405199644848,0.4359260465402262,2966478
modality_dropout,42,missing_s1_zero,0.16757698357105255,0.27162623405456543,0.14054743945598602,0.3622773289680481,0.1007046028971672,0.06677853316068649,1.3875488194670582,0.7910675989864917,0.2488248173847252,0.9393707513809204,0.907230794429779,0.958945095539093,0.5700594730365337,0.5783614992670213,2966478
modality_dropout,42,missing_s2_zero,0.24075478315353394,0.35620778799057007,0.49238377809524536,0.31711721420288086,0.05365019664168358,0.09986796975135803,0.9887915122168864,0.5611087592893197,0.07320642784871598,1.1113953590393066,1.0837503671646118,1.1469234228134155,0.6033339439631819,0.36655683017640717,2966478
modality_dropout,7,clean,0.2619490921497345,0.40606847405433655,0.3444172441959381,0.3687610626220703,0.1576959639787674,0.17692209780216217,1.0742909315567146,0.6440370711444261,0.16731197885209967,0.7953665852546692,0.7647355198860168,0.8263354301452637,0.5602800847272449,0.4591212016382001,2966478
modality_dropout,7,occlusion_30,0.19246092438697815,0.2791813015937805,0.5493025183677673,0.05104374140501022,0.05942366644740105,0.1100737527012825,1.2790464530876346,0.6509593010002097,0.18504821689727866,0.7144770622253418,0.6634650826454163,0.7781025767326355,0.6055931769399915,0.3734849049399909,2966478
modality_dropout,7,occlusion_50,0.17601943016052246,0.251627653837204,0.5395836234092712,0.03426842391490936,0.025384480133652687,0.10484115034341812,1.4840406342397028,0.6936427751112809,0.2195789996412847,0.6681583523750305,0.6177874207496643,0.7277287244796753,0.5940596548189214,0.3938806843150941,2966478
modality_dropout,7,occlusion_70,0.16795356571674347,0.2321307361125946,0.5520898699760437,0.0002736776659730822,0.008396453224122524,0.11105424165725708,1.8850858233389478,0.7698875354961128,0.2895772141931545,0.5126416087150574,0.5058519840240479,0.5209594368934631,0.5088237008701381,0.4473476796386574,2966478
modality_dropout,7,missing_s1_zero,0.2036917805671692,0.3263237774372101,0.2659142017364502,0.3408561050891876,0.10771345347166061,0.10028339922428131,1.2042917903191934,0.7027426494904058,0.198463927358392,0.9036791324615479,0.8453595638275146,0.9480733275413513,0.6109334043573993,0.4969324608722642,2966478
modality_dropout,7,missing_s2_zero,0.1943749487400055,0.30655622482299805,0.3964376449584961,0.19598928093910217,0.04120985418558121,0.1438629925251007,1.2228194762336853,0.6683826259519706,0.04432041094390469,1.1702311038970947,1.1352189779281616,1.1963249444961548,0.5905772197046891,0.5037352452412575,2966478
modality_dropout,123,clean,0.26509642601013184,0.4072299003601074,0.35410410165786743,0.39310404658317566,0.15661750733852386,0.1565600037574768,1.079737959406323,0.6395814210804024,0.1673024693766504,0.7188817858695984,0.7078642845153809,0.7307083606719971,0.5157375436240901,0.47657409899781794,2966478
modality_dropout,123,occlusion_30,0.17502769827842712,0.24700325727462769,0.5523319244384766,0.020865105092525482,0.032637372612953186,0.09427644312381744,1.4150037966951043,0.7134661114754601,0.27354078372752655,0.5281240344047546,0.4961082637310028,0.5680190920829773,0.5770558449896787,0.38761844820939984,2966478
modality_dropout,123,occlusion_50,0.16211122274398804,0.22307650744915009,0.5525834560394287,0.006661321967840195,0.012870236299932003,0.07632990926504135,1.503918726653712,0.7375535226717087,0.2892797685472002,0.515166163444519,0.4882582724094391,0.548308789730072,0.5634295274675466,0.4010844481127567,2966478
modality_dropout,123,occlusion_70,0.15832266211509705,0.21569877862930298,0.5524057149887085,0.0,0.005409418139606714,0.07547550648450851,1.898347666776477,0.797235827458943,0.34465680250185754,0.37864962220191956,0.370779812335968,0.3883419930934906,0.5135514719673905,0.442429929561682,2966478
modality_dropout,123,missing_s1_zero,0.19454282522201538,0.31498515605926514,0.23757769167423248,0.3324870467185974,0.10738134384155273,0.1007252186536789,1.2584261024879504,0.7204169520429614,0.1923178330820542,0.9184463620185852,0.8670764565467834,0.9536569118499756,0.6022323864576707,0.5378001344045684,2966478
modality_dropout,123,missing_s2_zero,0.196145698428154,0.290759414434433,0.518682599067688,0.10446351021528244,0.030667873099446297,0.1307687610387802,1.0050343831030435,0.587158610838341,0.1114572969960122,0.8667578101158142,0.8716163635253906,0.8611586689949036,0.4689212080556786,0.47401688947679044,2966478
occlusion_training,42,clean,0.2748120129108429,0.4176879823207855,0.40295299887657166,0.3785642683506012,0.18088780343532562,0.1368429958820343,1.131834153898158,0.6587471558233366,0.19331221362897277,0.6189988851547241,0.6051501035690308,0.6356110572814941,0.5255283991235464,0.43831512433666153,2966478
occlusion_training,42,occlusion_30,0.27321407198905945,0.4141542911529541,0.4558023512363434,0.31792595982551575,0.19052793085575104,0.12860003113746643,0.9485099536070215,0.5810869496904242,0.14494030792566429,0.7095165252685547,0.6685644388198853,0.759316623210907,0.5886755377285893,0.3883047445634958,2966478
occlusion_training,42,occlusion_50,0.2537367045879364,0.3861767053604126,0.4513583183288574,0.31158342957496643,0.12783943116664886,0.12416566163301468,1.025958514872266,0.6216135846743175,0.1665808703593646,0.7122240662574768,0.6868495345115662,0.7423790097236633,0.5422232405998428,0.4380161564056719,2966478
occlusion_training,42,occlusion_70,0.2402898222208023,0.36484670639038086,0.475778728723526,0.2670104503631592,0.09457024931907654,0.12379984557628632,0.9974562249460893,0.589433424791748,0.13038182701804388,0.7615138292312622,0.7258099913597107,0.8034831881523132,0.580659195588108,0.40178396188253473,2966478
occlusion_training,42,missing_s1_zero,0.20212692022323608,0.32187366485595703,0.2594272196292877,0.3575097620487213,0.11246570199728012,0.07910500466823578,1.193808401537109,0.7049700580852951,0.1904539984381791,0.8784946203231812,0.8406358957290649,0.907766580581665,0.5696241800361772,0.52601022116869,2966478
occlusion_training,42,missing_s2_zero,0.21930256485939026,0.3361826539039612,0.4245717227458954,0.28706395626068115,0.05071158707141876,0.11486296355724335,1.0437704484124355,0.6193690313795518,0.11758039354576819,0.859036386013031,0.8313755393028259,0.888092041015625,0.5698299796059294,0.44373858329944227,2966478
occlusion_training,7,clean,0.26166820526123047,0.4043148458003998,0.36131080985069275,0.3658331334590912,0.17029450833797455,0.149234339594841,1.0363481674438508,0.6375009756150644,0.17503433090791148,0.7137187719345093,0.6911035776138306,0.7375980019569397,0.5390636434967713,0.4569431005070375,2966478
occlusion_training,7,occlusion_30,0.2898787558078766,0.43265095353126526,0.44585487246513367,0.39183446764945984,0.19849339127540588,0.12333223968744278,0.999881493516891,0.5777111767199183,0.13193733763380647,0.6913832426071167,0.6588614583015442,0.7345156073570251,0.5785244476748297,0.3771816908497572,2966478
occlusion_training,7,occlusion_50,0.2678237557411194,0.4058660864830017,0.4511823356151581,0.3252255916595459,0.1819838583469391,0.11290322244167328,0.9621687383258025,0.5643967660787472,0.1146733627389273,0.7614756226539612,0.7259721159934998,0.8038670420646667,0.5948260375635086,0.38668534010444366,2966478
occlusion_training,7,occlusion_70,0.2720112204551697,0.40220728516578674,0.47126320004463196,0.3866194188594818,0.08713122457265854,0.1430310755968094,0.9128909428748503,0.5392519291816761,0.05664811586752741,0.79135662317276,0.7698788642883301,0.8212394714355469,0.5531996572269731,0.38956371701545156,2966478
occlusion_training,7,missing_s1_zero,0.17980219423770905,0.29633137583732605,0.21720051765441895,0.30009549856185913,0.09948709607124329,0.10242561250925064,1.2065111809357765,0.7088753757928594,0.19581440681489704,0.9815641045570374,0.9294111132621765,1.0128246545791626,0.6106739098613473,0.5618909562496702,2966478
occlusion_training,7,missing_s2_zero,0.22182834148406982,0.33713966608047485,0.45450359582901,0.2506226897239685,0.031007882207632065,0.15117917954921722,1.0773809726972525,0.6415110945802143,0.15987512762229644,0.7444612979888916,0.7242753505706787,0.7662514448165894,0.5571610411584642,0.44374498673277973,2966478
occlusion_training,123,clean,0.25790342688560486,0.39717233180999756,0.37869757413864136,0.36115580797195435,0.16039714217185974,0.1313631236553192,1.2537923983950834,0.710078799410867,0.23749738797096875,0.6272448301315308,0.5926999449729919,0.6634036302566528,0.5568406229518558,0.44584868967386093,2966478
occlusion_training,123,occlusion_30,0.2810431122779846,0.4189249277114868,0.44653376936912537,0.3951204717159271,0.17581337690353394,0.10670482367277145,1.1298279751379414,0.6463125639068029,0.20581539550961853,0.5618458390235901,0.5340883731842041,0.5986009836196899,0.5539996444014368,0.3988514725591611,2966478
occlusion_training,123,occlusion_50,0.270746648311615,0.4091619849205017,0.4218597710132599,0.37580373883247375,0.17287367582321167,0.11244942247867584,1.1803378141361995,0.6816954893564018,0.23052853639502124,0.5510154366493225,0.5373768210411072,0.5677374005317688,0.5199126366310106,0.4422797986457917,2966478
occlusion_training,123,occlusion_70,0.24790623784065247,0.3793684244155884,0.4091688096523285,0.3464895486831665,0.12148451060056686,0.11448207497596741,1.149501321384947,0.6776874719996238,0.23152615465614823,0.6216699481010437,0.5790566205978394,0.6681987047195435,0.5736468068437088,0.4329987567993514,2966478
occlusion_training,123,missing_s1_zero,0.14179174602031708,0.2327563762664795,0.06546610593795776,0.33753183484077454,0.08271926641464233,0.08144978433847427,1.6452159055494429,0.8763690319378739,0.2903573873853658,0.9530609250068665,0.9424564838409424,0.9579765796661377,0.520095931569915,0.6742795312096825,2966478
occlusion_training,123,missing_s2_zero,0.19778579473495483,0.317425400018692,0.2501232624053955,0.3416621685028076,0.0717821717262268,0.1275755763053894,1.42902867145294,0.8196671650033095,0.3128614979497832,0.7579917907714844,0.6443636417388916,0.8286225199699402,0.6392085354237319,0.5206452921342977,2966478
