method,seed,condition,coverage,risk
original,42,clean,0.1,0.3698120331166905
original,42,clean,0.2,0.399247593106982
original,42,clean,0.30000000000000004,0.4023662189600907
original,42,clean,0.4,0.4103014433785525
original,42,clean,0.5,0.4244083387774998
original,42,clean,0.6,0.43187011310268575
original,42,clean,0.7000000000000001,0.4385223461198583
original,42,clean,0.8,0.4518153264267132
original,42,clean,0.9,0.45867639512628144
original,42,clean,1.0,0.4702124876705642
original,42,occlusion_30,0.1,0.8347637604163858
original,42,occlusion_30,0.2,0.8677759499474125
original,42,occlusion_30,0.30000000000000004,0.8877310119861609
original,42,occlusion_30,0.4,0.898043217924289
original,42,occlusion_30,0.5,0.9032462064441401
original,42,occlusion_30,0.6,0.904743391013025
original,42,occlusion_30,0.7000000000000001,0.9033722041766693
original,42,occlusion_30,0.8,0.9001235472037121
original,42,occlusion_30,0.9,0.8926133873692332
original,42,occlusion_30,1.0,0.8790255649966054
original,42,occlusion_50,0.1,0.956119710903158
original,42,occlusion_50,0.2,0.9509671395054071
original,42,occlusion_50,0.30000000000000004,0.946966266378858
original,42,occlusion_50,0.4,0.9470702204887783
original,42,occlusion_50,0.5,0.9464361441413016
original,42,occlusion_50,0.6,0.9468769646612397
original,42,occlusion_50,0.7000000000000001,0.9454345821284014
original,42,occlusion_50,0.8,0.9442655472694467
original,42,occlusion_50,0.9,0.9441619878419225
original,42,occlusion_50,1.0,0.9402523800951835
original,42,occlusion_70,0.1,0.9871497532429007
original,42,occlusion_70,0.2,0.9788469836304307
original,42,occlusion_70,0.30000000000000004,0.9723993559138057
original,42,occlusion_70,0.4,0.9670729004349434
original,42,occlusion_70,0.5,0.9614114785277356
original,42,occlusion_70,0.6,0.9571916644146511
original,42,occlusion_70,0.7000000000000001,0.9553597700014688
original,42,occlusion_70,0.8,0.9544135258062804
original,42,occlusion_70,0.9,0.9537150305450159
original,42,occlusion_70,1.0,0.9538843706240194
original,42,missing_s1_zero,0.1,0.40262533372886383
original,42,missing_s1_zero,0.2,0.47162630457646776
original,42,missing_s1_zero,0.30000000000000004,0.458617012550242
original,42,missing_s1_zero,0.4,0.5093203976770428
original,42,missing_s1_zero,0.5,0.5465295882861764
original,42,missing_s1_zero,0.6,0.5704659902566849
original,42,missing_s1_zero,0.7000000000000001,0.588386422574144
original,42,missing_s1_zero,0.8,0.602310737229593
original,42,missing_s1_zero,0.9,0.6147151691306189
original,42,missing_s1_zero,1.0,0.6274319243223783
original,42,missing_s2_zero,0.1,0.9584558129500284
original,42,missing_s2_zero,0.2,0.9638055877673202
original,42,missing_s2_zero,0.30000000000000004,0.9638886984896785
original,42,missing_s2_zero,0.4,0.9620711770104442
original,42,missing_s2_zero,0.5,0.9606085061139843
original,42,missing_s2_zero,0.6,0.9603064688938118
original,42,missing_s2_zero,0.7000000000000001,0.959442051301808
original,42,missing_s2_zero,0.8,0.9585084498365486
original,42,missing_s2_zero,0.9,0.9558885771753257
original,42,missing_s2_zero,1.0,0.9439402550768959
original,7,clean,0.1,0.29048232248321243
original,7,clean,0.2,0.32754813786035974
original,7,clean,0.30000000000000004,0.3461176727048811
original,7,clean,0.4,0.3707688664417647
original,7,clean,0.5,0.389922325397323
original,7,clean,0.6,0.3972010582694295
original,7,clean,0.7000000000000001,0.40763772341906107
original,7,clean,0.8,0.42130102116061896
original,7,clean,0.9,0.4326223017944963
original,7,clean,1.0,0.4482665976285683
original,7,occlusion_30,0.1,0.63421968123837
original,7,occlusion_30,0.2,0.7334736792427389
original,7,occlusion_30,0.30000000000000004,0.7753136998661712
original,7,occlusion_30,0.4,0.7944801536502468
original,7,occlusion_30,0.5,0.8063811698586674
original,7,occlusion_30,0.6,0.8128667718793384
original,7,occlusion_30,0.7000000000000001,0.815608212719747
original,7,occlusion_30,0.8,0.8151081543682701
original,7,occlusion_30,0.9,0.8114276938981133
original,7,occlusion_30,1.0,0.8094366450720349
original,7,occlusion_50,0.1,0.9418873547099593
original,7,occlusion_50,0.2,0.946953965642782
original,7,occlusion_50,0.30000000000000004,0.950524921259002
original,7,occlusion_50,0.4,0.953068917596712
original,7,occlusion_50,0.5,0.9529192530671051
original,7,occlusion_50,0.6,0.9511581353198265
original,7,occlusion_50,0.7000000000000001,0.9478684443074641
original,7,occlusion_50,0.8,0.9444328332171742
original,7,occlusion_50,0.9,0.9380095361876973
original,7,occlusion_50,1.0,0.925814046151699
original,7,occlusion_70,0.1,0.9905106388716594
original,7,occlusion_70,0.2,0.9876958550200912
original,7,occlusion_70,0.30000000000000004,0.9839135764874829
original,7,occlusion_70,0.4,0.9781938342697695
original,7,occlusion_70,0.5,0.9735895563695399
original,7,occlusion_70,0.6,0.967292305635133
original,7,occlusion_70,0.7000000000000001,0.9593808917258799
original,7,occlusion_70,0.8,0.9506965753153361
original,7,occlusion_70,0.9,0.9415865429634096
original,7,occlusion_70,1.0,0.9346780930113083
original,7,missing_s1_zero,0.1,0.3497377363070036
original,7,missing_s1_zero,0.2,0.41404459156980666
original,7,missing_s1_zero,0.30000000000000004,0.42366983053970875
original,7,missing_s1_zero,0.4,0.44852944274817524
original,7,missing_s1_zero,0.5,0.46586693041377686
original,7,missing_s1_zero,0.6,0.4862527789685525
original,7,missing_s1_zero,0.7000000000000001,0.5091693614603173
original,7,missing_s1_zero,0.8,0.5304022194673649
original,7,missing_s1_zero,0.9,0.5494241206368945
original,7,missing_s1_zero,1.0,0.5671570798772146
original,7,missing_s2_zero,0.1,0.9617829885925406
original,7,missing_s2_zero,0.2,0.9680294490439848
original,7,missing_s2_zero,0.30000000000000004,0.9678799653460952
original,7,missing_s2_zero,0.4,0.9666582672546817
original,7,missing_s2_zero,0.5,0.964709665805713
original,7,missing_s2_zero,0.6,0.9605070434246669
original,7,missing_s2_zero,0.7000000000000001,0.9549610288292757
original,7,missing_s2_zero,0.8,0.9465687840207788
original,7,missing_s2_zero,0.9,0.9347673821928737
original,7,missing_s2_zero,1.0,0.9203563956988725
original,123,clean,0.1,0.41140004314878237
original,123,clean,0.2,0.3834022140718967
original,123,clean,0.30000000000000004,0.367942665990968
original,123,clean,0.4,0.3672798799249278
original,123,clean,0.5,0.3736747752722252
original,123,clean,0.6,0.386983555697637
original,123,clean,0.7000000000000001,0.40342541782344143
original,123,clean,0.8,0.42040307064523497
original,123,clean,0.9,0.4390994932261605
original,123,clean,1.0,0.45782743037366197
original,123,occlusion_30,0.1,0.25601049054771985
original,123,occlusion_30,0.2,0.29204309484641733
original,123,occlusion_30,0.30000000000000004,0.33249208095349925
original,123,occlusion_30,0.4,0.3674855110143259
original,123,occlusion_30,0.5,0.40849586614159955
original,123,occlusion_30,0.6,0.44720254712799185
original,123,occlusion_30,0.7000000000000001,0.48200054417575433
original,123,occlusion_30,0.8,0.5113577466877803
original,123,occlusion_30,0.9,0.5398609649303514
original,123,occlusion_30,1.0,0.5689423619524567
original,123,occlusion_50,0.1,0.3882817345810523
original,123,occlusion_50,0.2,0.5088589843855343
original,123,occlusion_50,0.30000000000000004,0.5697612094257722
original,123,occlusion_50,0.4,0.609520887989206
original,123,occlusion_50,0.5,0.6385970163945258
original,123,occlusion_50,0.6,0.661248157888675
original,123,occlusion_50,0.7000000000000001,0.6798902980205005
original,123,occlusion_50,0.8,0.6937158633429716
original,123,occlusion_50,0.9,0.7063828033994674
original,123,occlusion_50,1.0,0.7167776063061988
original,123,occlusion_70,0.1,0.9254807044038726
original,123,occlusion_70,0.2,0.9267785388743561
original,123,occlusion_70,0.30000000000000004,0.9243120064992927
original,123,occlusion_70,0.4,0.9190074760385002
original,123,occlusion_70,0.5,0.9123168956587576
original,123,occlusion_70,0.6,0.9043321289497591
original,123,occlusion_70,0.7000000000000001,0.898202534510615
original,123,occlusion_70,0.8,0.8906223795730795
original,123,occlusion_70,0.9,0.8841499271489196
original,123,occlusion_70,1.0,0.8781885454737908
original,123,missing_s1_zero,0.1,0.28114465629298024
original,123,missing_s1_zero,0.2,0.39236738491410694
original,123,missing_s1_zero,0.30000000000000004,0.41596933736205577
original,123,missing_s1_zero,0.4,0.4368101561532154
original,123,missing_s1_zero,0.5,0.4546273392217977
original,123,missing_s1_zero,0.6,0.47312048461503453
original,123,missing_s1_zero,0.7000000000000001,0.4929683342683846
original,123,missing_s1_zero,0.8,0.5125321193233389
original,123,missing_s1_zero,0.9,0.5269560234172214
original,123,missing_s1_zero,1.0,0.5386700996939805
original,123,missing_s2_zero,0.1,0.9370499716836116
original,123,missing_s2_zero,0.2,0.9481135891696556
original,123,missing_s2_zero,0.30000000000000004,0.9492810213687843
original,123,missing_s2_zero,0.4,0.9514651636494799
original,123,missing_s2_zero,0.5,0.9529374564719509
original,123,missing_s2_zero,0.6,0.9554387441449935
original,123,missing_s2_zero,0.7000000000000001,0.9562078173495752
original,123,missing_s2_zero,0.8,0.9559759849855595
original,123,missing_s2_zero,0.9,0.9549203507339419
original,123,missing_s2_zero,1.0,0.9489124814005025
modality_dropout,42,clean,0.1,0.2002036083169278
modality_dropout,42,clean,0.2,0.2810485828321782
modality_dropout,42,clean,0.30000000000000004,0.32284539571635484
modality_dropout,42,clean,0.4,0.3492113120696179
modality_dropout,42,clean,0.5,0.374282903834109
modality_dropout,42,clean,0.6,0.38966968127751933
modality_dropout,42,clean,0.7000000000000001,0.3981112767181868
modality_dropout,42,clean,0.8,0.40164723986613754
modality_dropout,42,clean,0.9,0.40792559825906516
modality_dropout,42,clean,1.0,0.43119922008523237
modality_dropout,42,occlusion_30,0.1,0.2632783635824277
modality_dropout,42,occlusion_30,0.2,0.3075817130066611
modality_dropout,42,occlusion_30,0.30000000000000004,0.3385699983032621
modality_dropout,42,occlusion_30,0.4,0.36483506111204284
modality_dropout,42,occlusion_30,0.5,0.3880096194881607
modality_dropout,42,occlusion_30,0.6,0.4100400755778316
modality_dropout,42,occlusion_30,0.7000000000000001,0.42788780348031696
modality_dropout,42,occlusion_30,0.8,0.4374072447877997
modality_dropout,42,occlusion_30,0.9,0.43685253368191984
modality_dropout,42,occlusion_30,1.0,0.43934220985289624
modality_dropout,42,occlusion_50,0.1,0.3762438984924894
modality_dropout,42,occlusion_50,0.2,0.41331308486826135
modality_dropout,42,occlusion_50,0.30000000000000004,0.43113997188583986
modality_dropout,42,occlusion_50,0.4,0.4414014601492848
modality_dropout,42,occlusion_50,0.5,0.4475239661308798
modality_dropout,42,occlusion_50,0.6,0.4515528232972093
modality_dropout,42,occlusion_50,0.7000000000000001,0.4497453690884093
modality_dropout,42,occlusion_50,0.8,0.4471625016538976
modality_dropout,42,occlusion_50,0.9,0.44849934265477576
modality_dropout,42,occlusion_50,1.0,0.45309049991269107
modality_dropout,42,occlusion_70,0.1,0.44565276017367383
modality_dropout,42,occlusion_70,0.2,0.4439891723524177
modality_dropout,42,occlusion_70,0.30000000000000004,0.43631670792399063
modality_dropout,42,occlusion_70,0.4,0.42830090570381874
modality_dropout,42,occlusion_70,0.5,0.42542705524868213
modality_dropout,42,occlusion_70,0.6,0.4266546134670347
modality_dropout,42,occlusion_70,0.7000000000000001,0.432610093256314
modality_dropout,42,occlusion_70,0.8,0.4390476583759695
modality_dropout,42,occlusion_70,0.9,0.44377132626421906
modality_dropout,42,occlusion_70,1.0,0.4487810123655055
modality_dropout,42,missing_s1_zero,0.1,0.538513659286427
modality_dropout,42,missing_s1_zero,0.2,0.5462366171354602
modality_dropout,42,missing_s1_zero,0.30000000000000004,0.5520443444130692
modality_dropout,42,missing_s1_zero,0.4,0.5682514025472972
modality_dropout,42,missing_s1_zero,0.5,0.5793092010121094
modality_dropout,42,missing_s1_zero,0.6,0.5851674853515981
modality_dropout,42,missing_s1_zero,0.7000000000000001,0.590231322852733
modality_dropout,42,missing_s1_zero,0.8,0.5963006629917132
modality_dropout,42,missing_s1_zero,0.9,0.6077098541854725
modality_dropout,42,missing_s1_zero,1.0,0.6214915465410497
modality_dropout,42,missing_s2_zero,0.1,0.22794355599902916
modality_dropout,42,missing_s2_zero,0.2,0.2920262398532941
modality_dropout,42,missing_s2_zero,0.30000000000000004,0.3356967805803293
modality_dropout,42,missing_s2_zero,0.4,0.3599302539796779
modality_dropout,42,missing_s2_zero,0.5,0.3779572948122319
modality_dropout,42,missing_s2_zero,0.6,0.3878875456700341
modality_dropout,42,missing_s2_zero,0.7000000000000001,0.39520162193269076
modality_dropout,42,missing_s2_zero,0.8,0.402067772298964
modality_dropout,42,missing_s2_zero,0.9,0.41546877516546
modality_dropout,42,missing_s2_zero,1.0,0.4376068185909351
modality_dropout,7,clean,0.1,0.4260605161673094
modality_dropout,7,clean,0.2,0.4295393867479302
modality_dropout,7,clean,0.30000000000000004,0.44051135859262897
modality_dropout,7,clean,0.4,0.4520091590109819
modality_dropout,7,clean,0.5,0.4599899274493187
modality_dropout,7,clean,0.6,0.46629982689912336
modality_dropout,7,clean,0.7000000000000001,0.46936314581743144
modality_dropout,7,clean,0.8,0.4753162631437454
modality_dropout,7,clean,0.9,0.47740230651389787
modality_dropout,7,clean,1.0,0.4972583649701768
modality_dropout,7,occlusion_30,0.1,0.25738585798656993
modality_dropout,7,occlusion_30,0.2,0.31101676060516165
modality_dropout,7,occlusion_30,0.30000000000000004,0.33801265923772644
modality_dropout,7,occlusion_30,0.4,0.3594001639992213
modality_dropout,7,occlusion_30,0.5,0.37758648471352224
modality_dropout,7,occlusion_30,0.6,0.3879437290120103
modality_dropout,7,occlusion_30,0.7000000000000001,0.40018973915681655
modality_dropout,7,occlusion_30,0.8,0.4122191218372632
modality_dropout,7,occlusion_30,0.9,0.42380975567732776
modality_dropout,7,occlusion_30,1.0,0.4449856024551674
modality_dropout,7,occlusion_50,0.1,0.31932795771419326
modality_dropout,7,occlusion_50,0.2,0.3304000026967989
modality_dropout,7,occlusion_50,0.30000000000000004,0.354733954871267
modality_dropout,7,occlusion_50,0.4,0.37752519612907903
modality_dropout,7,occlusion_50,0.5,0.3950745631688487
modality_dropout,7,occlusion_50,0.6,0.4090737220958409
modality_dropout,7,occlusion_50,0.7000000000000001,0.42121707556097054
modality_dropout,7,occlusion_50,0.8,0.4287218595118284
modality_dropout,7,occlusion_50,0.9,0.4394347205627325
modality_dropout,7,occlusion_50,1.0,0.4581621707627699
modality_dropout,7,occlusion_70,0.1,0.4641494296270327
modality_dropout,7,occlusion_70,0.2,0.4545977050241363
modality_dropout,7,occlusion_70,0.30000000000000004,0.45127834029819885
modality_dropout,7,occlusion_70,0.4,0.45045512733536663
modality_dropout,7,occlusion_70,0.5,0.4472731636641162
modality_dropout,7,occlusion_70,0.6,0.4450580289647601
modality_dropout,7,occlusion_70,0.7000000000000001,0.4406783415641923
modality_dropout,7,occlusion_70,0.8,0.4379487118982025
modality_dropout,7,occlusion_70,0.9,0.4420547375675605
modality_dropout,7,occlusion_70,1.0,0.44942049123573474
modality_dropout,7,missing_s1_zero,0.1,0.409596558884604
modality_dropout,7,missing_s1_zero,0.2,0.451664936220706
modality_dropout,7,missing_s1_zero,0.30000000000000004,0.46411848848746495
modality_dropout,7,missing_s1_zero,0.4,0.4857141171642124
modality_dropout,7,missing_s1_zero,0.5,0.49667383341457444
modality_dropout,7,missing_s1_zero,0.6,0.5030971067264383
modality_dropout,7,missing_s1_zero,0.7000000000000001,0.5111861827515549
modality_dropout,7,missing_s1_zero,0.8,0.5273649471469107
modality_dropout,7,missing_s1_zero,0.9,0.5438806965237487
modality_dropout,7,missing_s1_zero,1.0,0.5677871199449314
modality_dropout,7,missing_s2_zero,0.1,0.34636673768237103
modality_dropout,7,missing_s2_zero,0.2,0.42151303902268006
modality_dropout,7,missing_s2_zero,0.30000000000000004,0.4535290462422874
modality_dropout,7,missing_s2_zero,0.4,0.48437414408165913
modality_dropout,7,missing_s2_zero,0.5,0.5151354569290586
modality_dropout,7,missing_s2_zero,0.6,0.5335237574070714
modality_dropout,7,missing_s2_zero,0.7000000000000001,0.5462311013298596
modality_dropout,7,missing_s2_zero,0.8,0.5552612483998277
modality_dropout,7,missing_s2_zero,0.9,0.5643790054048385
modality_dropout,7,missing_s2_zero,1.0,0.5729740790256999
modality_dropout,123,clean,0.1,0.5350752406893018
modality_dropout,123,clean,0.2,0.4720190259162374
modality_dropout,123,clean,0.30000000000000004,0.46349260570620815
modality_dropout,123,clean,0.4,0.4741043881168827
modality_dropout,123,clean,0.5,0.4739114869552378
modality_dropout,123,clean,0.6,0.4776027916378961
modality_dropout,123,clean,0.7000000000000001,0.47790863144613505
modality_dropout,123,clean,0.8,0.47183823238167155
modality_dropout,123,clean,0.9,0.4696070536326283
modality_dropout,123,clean,1.0,0.4822901096856272
modality_dropout,123,occlusion_30,0.1,0.266275181359726
modality_dropout,123,occlusion_30,0.2,0.32035274129608154
modality_dropout,123,occlusion_30,0.30000000000000004,0.3526237073610332
modality_dropout,123,occlusion_30,0.4,0.3728116933298837
modality_dropout,123,occlusion_30,0.5,0.391287580760754
modality_dropout,123,occlusion_30,0.6,0.40985017588195205
modality_dropout,123,occlusion_30,0.7000000000000001,0.41979451345631064
modality_dropout,123,occlusion_30,0.8,0.4289725777458282
modality_dropout,123,occlusion_30,0.9,0.4371282066648438
modality_dropout,123,occlusion_30,1.0,0.44521449341609814
modality_dropout,123,occlusion_50,0.1,0.3115072409050457
modality_dropout,123,occlusion_50,0.2,0.3444385264690812
modality_dropout,123,occlusion_50,0.30000000000000004,0.37145974517469094
modality_dropout,123,occlusion_50,0.4,0.3891484091822709
modality_dropout,123,occlusion_50,0.5,0.40612942351165254
modality_dropout,123,occlusion_50,0.6,0.4183304895198403
modality_dropout,123,occlusion_50,0.7000000000000001,0.4278155677607168
modality_dropout,123,occlusion_50,0.8,0.4340265516930433
modality_dropout,123,occlusion_50,0.9,0.43861406906057687
modality_dropout,123,occlusion_50,1.0,0.4480872603808287
modality_dropout,123,occlusion_70,0.1,0.46344151991585986
modality_dropout,123,occlusion_70,0.2,0.450316536770853
modality_dropout,123,occlusion_70,0.30000000000000004,0.4409170025496015
modality_dropout,123,occlusion_70,0.4,0.4341833032611911
modality_dropout,123,occlusion_70,0.5,0.43471348852073066
modality_dropout,123,occlusion_70,0.6,0.4386671738149669
modality_dropout,123,occlusion_70,0.7000000000000001,0.4424341511219411
modality_dropout,123,occlusion_70,0.8,0.44233733443115614
modality_dropout,123,occlusion_70,0.9,0.44252368128307795
modality_dropout,123,occlusion_70,1.0,0.44811186868737946
modality_dropout,123,missing_s1_zero,0.1,0.5127861977832313
modality_dropout,123,missing_s1_zero,0.2,0.5367506270057442
modality_dropout,123,missing_s1_zero,0.30000000000000004,0.5394514030673875
modality_dropout,123,missing_s1_zero,0.4,0.5279527655274648
modality_dropout,123,missing_s1_zero,0.5,0.5168560157870714
modality_dropout,123,missing_s1_zero,0.6,0.5151636030826676
modality_dropout,123,missing_s1_zero,0.7000000000000001,0.5293963260913012
modality_dropout,123,missing_s1_zero,0.8,0.5495229611551073
modality_dropout,123,missing_s1_zero,0.9,0.5720540259117621
modality_dropout,123,missing_s1_zero,1.0,0.5933207662419879
modality_dropout,123,missing_s2_zero,0.1,0.37357743858040504
modality_dropout,123,missing_s2_zero,0.2,0.43464476416493625
modality_dropout,123,missing_s2_zero,0.30000000000000004,0.47268757662007566
modality_dropout,123,missing_s2_zero,0.4,0.4902961509062516
modality_dropout,123,missing_s2_zero,0.5,0.4965787711892689
modality_dropout,123,missing_s2_zero,0.6,0.4970720051329101
modality_dropout,123,missing_s2_zero,0.7000000000000001,0.49502946013431026
modality_dropout,123,missing_s2_zero,0.8,0.48661122492923004
modality_dropout,123,missing_s2_zero,0.9,0.4741447957360581
modality_dropout,123,missing_s2_zero,1.0,0.4645970743757412
occlusion_training,42,clean,0.1,0.34943434643078664
occlusion_training,42,clean,0.2,0.4266622394218063
occlusion_training,42,clean,0.30000000000000004,0.45094685839430165
occlusion_training,42,clean,0.4,0.4512843936958902
occlusion_training,42,clean,0.5,0.4433911190307159
occlusion_training,42,clean,0.6,0.4441321274889923
occlusion_training,42,clean,0.7000000000000001,0.4395307567654771
occlusion_training,42,clean,0.8,0.44213549571840677
occlusion_training,42,clean,0.9,0.44471520658618713
occlusion_training,42,clean,1.0,0.4546414974255666
occlusion_training,42,occlusion_30,0.1,0.24848642161753998
occlusion_training,42,occlusion_30,0.2,0.32627558587956096
occlusion_training,42,occlusion_30,0.30000000000000004,0.35337206989661135
occlusion_training,42,occlusion_30,0.4,0.3783569907407017
occlusion_training,42,occlusion_30,0.5,0.39667915959599226
occlusion_training,42,occlusion_30,0.6,0.41229696042501573
occlusion_training,42,occlusion_30,0.7000000000000001,0.4235093557296169
occlusion_training,42,occlusion_30,0.8,0.4243197529730126
occlusion_training,42,occlusion_30,0.9,0.4300629628103662
occlusion_training,42,occlusion_30,1.0,0.45125330442362965
occlusion_training,42,occlusion_50,0.1,0.444156036784337
occlusion_training,42,occlusion_50,0.2,0.45182337315606375
occlusion_training,42,occlusion_50,0.30000000000000004,0.44391944203168066
occlusion_training,42,occlusion_50,0.4,0.43527129398419506
occlusion_training,42,occlusion_50,0.5,0.43203421700750855
occlusion_training,42,occlusion_50,0.6,0.4330589526189022
occlusion_training,42,occlusion_50,0.7000000000000001,0.43069440197251674
occlusion_training,42,occlusion_50,0.8,0.42875219852501834
occlusion_training,42,occlusion_50,0.9,0.4360360022922808
occlusion_training,42,occlusion_50,1.0,0.4569550153414251
occlusion_training,42,occlusion_70,0.1,0.29642876405706425
occlusion_training,42,occlusion_70,0.2,0.33529974919770233
occlusion_training,42,occlusion_70,0.30000000000000004,0.36266929455032515
occlusion_training,42,occlusion_70,0.4,0.3912485430953041
occlusion_training,42,occlusion_70,0.5,0.41438770151000615
occlusion_training,42,occlusion_70,0.6,0.43038855837477324
occlusion_training,42,occlusion_70,0.7000000000000001,0.431174528722126
occlusion_training,42,occlusion_70,0.8,0.4325715431854784
occlusion_training,42,occlusion_70,0.9,0.4402673578467543
occlusion_training,42,occlusion_70,1.0,0.45966799686362075
occlusion_training,42,missing_s1_zero,0.1,0.5255993635554597
occlusion_training,42,missing_s1_zero,0.2,0.526330870257005
occlusion_training,42,missing_s1_zero,0.30000000000000004,0.5204625464776957
occlusion_training,42,missing_s1_zero,0.4,0.5128936592305183
occlusion_training,42,missing_s1_zero,0.5,0.5050878516543861
occlusion_training,42,missing_s1_zero,0.6,0.5142747826126041
occlusion_training,42,missing_s1_zero,0.7000000000000001,0.5244525134418635
occlusion_training,42,missing_s1_zero,0.8,0.5368332475132543
occlusion_training,42,missing_s1_zero,0.9,0.5489795230407929
occlusion_training,42,missing_s1_zero,1.0,0.5639546290247223
occlusion_training,42,missing_s2_zero,0.1,0.43327108222539845
occlusion_training,42,missing_s2_zero,0.2,0.4160907877349586
occlusion_training,42,missing_s2_zero,0.30000000000000004,0.4198504848063303
occlusion_training,42,missing_s2_zero,0.4,0.42831860346151285
occlusion_training,42,missing_s2_zero,0.5,0.4317604917346429
occlusion_training,42,missing_s2_zero,0.6,0.4418482746376596
occlusion_training,42,missing_s2_zero,0.7000000000000001,0.4543193348534939
occlusion_training,42,missing_s2_zero,0.8,0.4658011901320674
occlusion_training,42,missing_s2_zero,0.9,0.4751710783083567
occlusion_training,42,missing_s2_zero,1.0,0.48770292582651886
occlusion_training,7,clean,0.1,0.3296128745179472
occlusion_training,7,clean,0.2,0.42184508238720636
occlusion_training,7,clean,0.30000000000000004,0.443195800180461
occlusion_training,7,clean,0.4,0.465625476680676
occlusion_training,7,clean,0.5,0.4782627749135507
occlusion_training,7,clean,0.6,0.4781797945599917
occlusion_training,7,clean,0.7000000000000001,0.47790911301759903
occlusion_training,7,clean,0.8,0.46846596679057906
occlusion_training,7,clean,0.9,0.47099440788364805
occlusion_training,7,clean,1.0,0.4864061017813043
occlusion_training,7,occlusion_30,0.1,0.2714361802540385
occlusion_training,7,occlusion_30,0.2,0.3349609638359268
occlusion_training,7,occlusion_30,0.30000000000000004,0.3505157071857411
occlusion_training,7,occlusion_30,0.4,0.3700230323675133
occlusion_training,7,occlusion_30,0.5,0.3835106816905435
occlusion_training,7,occlusion_30,0.6,0.3944756043501638
occlusion_training,7,occlusion_30,0.7000000000000001,0.39852831760601193
occlusion_training,7,occlusion_30,0.8,0.4008103887523165
occlusion_training,7,occlusion_30,0.9,0.41115539191633926
occlusion_training,7,occlusion_30,1.0,0.42987407963248
occlusion_training,7,occlusion_50,0.1,0.25329683665489067
occlusion_training,7,occlusion_50,0.2,0.30454949974380413
occlusion_training,7,occlusion_50,0.30000000000000004,0.33921835443393566
occlusion_training,7,occlusion_50,0.4,0.3720801860118609
occlusion_training,7,occlusion_50,0.5,0.4040124349481102
occlusion_training,7,occlusion_50,0.6,0.4195564100417611
occlusion_training,7,occlusion_50,0.7000000000000001,0.4244541989419875
occlusion_training,7,occlusion_50,0.8,0.4259799711947925
occlusion_training,7,occlusion_50,0.9,0.4357749369810063
occlusion_training,7,occlusion_50,1.0,0.45578730063057943
occlusion_training,7,occlusion_70,0.1,0.35650333054664113
occlusion_training,7,occlusion_70,0.2,0.38182964321350554
occlusion_training,7,occlusion_70,0.30000000000000004,0.3927026787108837
occlusion_training,7,occlusion_70,0.4,0.3936352121329085
occlusion_training,7,occlusion_70,0.5,0.3896041029126122
occlusion_training,7,occlusion_70,0.6,0.38639363060688686
occlusion_training,7,occlusion_70,0.7000000000000001,0.3850000120392866
occlusion_training,7,occlusion_70,0.8,0.38895036284617024
occlusion_training,7,occlusion_70,0.9,0.4006191405445291
occlusion_training,7,occlusion_70,1.0,0.4181740097179214
occlusion_training,7,missing_s1_zero,0.1,0.5507975782745881
occlusion_training,7,missing_s1_zero,0.2,0.5459012027723092
occlusion_training,7,missing_s1_zero,0.30000000000000004,0.5299541656038645
occlusion_training,7,missing_s1_zero,0.4,0.5274344740521376
occlusion_training,7,missing_s1_zero,0.5,0.5392151905390837
occlusion_training,7,missing_s1_zero,0.6,0.5586371494370148
occlusion_training,7,missing_s1_zero,0.7000000000000001,0.5734668570479188
occlusion_training,7,missing_s1_zero,0.8,0.588146210446565
occlusion_training,7,missing_s1_zero,0.9,0.6062472142421053
occlusion_training,7,missing_s1_zero,1.0,0.6252347059374788
occlusion_training,7,missing_s2_zero,0.1,0.37939578220652087
occlusion_training,7,missing_s2_zero,0.2,0.4179026994956986
occlusion_training,7,missing_s2_zero,0.30000000000000004,0.43465480373462123
occlusion_training,7,missing_s2_zero,0.4,0.4398895659919888
occlusion_training,7,missing_s2_zero,0.5,0.4361441413015704
occlusion_training,7,missing_s2_zero,0.6,0.44282867395514436
occlusion_training,7,missing_s2_zero,0.7000000000000001,0.4524291668572887
occlusion_training,7,missing_s2_zero,0.8,0.46445826742323176
occlusion_training,7,missing_s2_zero,0.9,0.47525460422573723
occlusion_training,7,missing_s2_zero,1.0,0.4808901330129534
occlusion_training,123,clean,0.1,0.330256735255252
occlusion_training,123,clean,0.2,0.37313246676195355
occlusion_training,123,clean,0.30000000000000004,0.4235068987564372
occlusion_training,123,clean,0.4,0.4643596656303646
occlusion_training,123,clean,0.5,0.47069150689807915
occlusion_training,123,clean,0.6,0.4674066387360546
occlusion_training,123,clean,0.7000000000000001,0.4636863813997838
occlusion_training,123,clean,0.8,0.46536085306563085
occlusion_training,123,clean,0.9,0.47507219560796005
occlusion_training,123,clean,1.0,0.488586465161717
occlusion_training,123,occlusion_30,0.1,0.33195571856206685
occlusion_training,123,occlusion_30,0.2,0.36833047922116446
occlusion_training,123,occlusion_30,0.30000000000000004,0.4029685047244599
occlusion_training,123,occlusion_30,0.4,0.41434411688610484
occlusion_training,123,occlusion_30,0.5,0.4158500416992811
occlusion_training,123,occlusion_30,0.6,0.40077150965201724
occlusion_training,123,occlusion_30,0.7000000000000001,0.39530997551209107
occlusion_training,123,occlusion_30,0.8,0.398266125396198
occlusion_training,123,occlusion_30,0.9,0.4127124198919032
occlusion_training,123,occlusion_30,1.0,0.4302644415363943
occlusion_training,123,occlusion_50,0.1,0.45671300666109327
occlusion_training,123,occlusion_50,0.2,0.4418907257085839
occlusion_training,123,occlusion_50,0.30000000000000004,0.4507232485676049
occlusion_training,123,occlusion_50,0.4,0.45217012433096154
occlusion_training,123,occlusion_50,0.5,0.4506037125507083
occlusion_training,123,occlusion_50,0.6,0.4388761758471184
occlusion_training,123,occlusion_50,0.7000000000000001,0.42890151141203975
occlusion_training,123,occlusion_50,0.8,0.42945083857875205
occlusion_training,123,occlusion_50,0.9,0.43493555769468467
occlusion_training,123,occlusion_50,1.0,0.44921957958225206
occlusion_training,123,occlusion_70,0.1,0.36900973544402793
occlusion_training,123,occlusion_70,0.2,0.40118423181683344
occlusion_training,123,occlusion_70,0.30000000000000004,0.4299230400149223
occlusion_training,123,occlusion_70,0.4,0.438472059875728
occlusion_training,123,occlusion_70,0.5,0.43396647472187555
occlusion_training,123,occlusion_70,0.6,0.4357349651972288
occlusion_training,123,occlusion_70,0.7000000000000001,0.4381862092379854
occlusion_training,123,occlusion_70,0.8,0.44032990305842534
occlusion_training,123,occlusion_70,0.9,0.45566758932216656
occlusion_training,123,occlusion_70,1.0,0.47803894045396594
occlusion_training,123,missing_s1_zero,0.1,0.654091718130579
occlusion_training,123,missing_s1_zero,0.2,0.6709719937434265
occlusion_training,123,missing_s1_zero,0.30000000000000004,0.6797266791243933
occlusion_training,123,missing_s1_zero,0.4,0.6865432149746628
occlusion_training,123,missing_s1_zero,0.5,0.6773608299134529
occlusion_training,123,missing_s1_zero,0.6,0.6690183140839839
occlusion_training,123,missing_s1_zero,0.7000000000000001,0.6665502868961997
occlusion_training,123,missing_s1_zero,0.8,0.6712144285604729
occlusion_training,123,missing_s1_zero,0.9,0.6784480659817291
occlusion_training,123,missing_s1_zero,1.0,0.6832722170870642
occlusion_training,123,missing_s2_zero,0.1,0.39466640597610636
occlusion_training,123,missing_s2_zero,0.2,0.43245192955961276
occlusion_training,123,missing_s2_zero,0.30000000000000004,0.46522080627635704
occlusion_training,123,missing_s2_zero,0.4,0.46849082792638747
occlusion_training,123,missing_s2_zero,0.5,0.5067760489037842
occlusion_training,123,missing_s2_zero,0.6,0.5441710625449818
occlusion_training,123,missing_s2_zero,0.7000000000000001,0.5687508277009538
occlusion_training,123,missing_s2_zero,0.8,0.590818150483191
occlusion_training,123,missing_s2_zero,0.9,0.6034563998456831
occlusion_training,123,missing_s2_zero,1.0,0.6166767459593497
