method,primary_condition,mean_iou_mean,mean_iou_std,macro_dice_mean,macro_dice_std,iou_background_mean,iou_background_std,iou_low_mean,iou_low_std,iou_mid_mean,iou_mid_std,iou_high_mean,iou_high_std,binary_algae_dice_mean,binary_algae_dice_std
modality_dropout,clean,0.2725316087404887,0.01567265858188755,0.41568130254745483,0.015634450137650743,0.38324185212453205,0.058953608349735,0.38443779945373535,0.013622830116045053,0.16304501394430795,0.010102018217806218,0.15940174460411072,0.016160541653618618,0.6420711676279703,0.011358496146500847
modality_dropout,missing_s1_zero,0.1885872483253479,0.01881791375627065,0.3042822579542796,0.02893551438538504,0.21474316716194153,0.0658142539655161,0.3451642096042633,0.01537906785439717,0.1052692507704099,0.00398040914985707,0.08917239556709926,0.019531430852511453,0.6030455231666565,0.01983861654120003
modality_dropout,missing_s2_zero,0.21039480964342752,0.02626714769275464,0.3178257942199707,0.034109539773015236,0.46904246012369794,0.06454906757006515,0.20579596360524496,0.10641135917233603,0.04187377542257309,0.011552517305233255,0.12486705680688222,0.022581830087372492,0.40809011459350586,0.1524104303116789
modality_dropout,occlusion_30,0.1870159324672487,0.010610297676989766,0.26837167806095547,0.01919462606686709,0.5508791406949362,0.0013706184414436166,0.03475230507966545,0.02410871851494245,0.04845808073878288,0.008495946011504364,0.11397419373194377,0.01125110330850944,0.11559513128466076,0.0588775401603232
modality_dropout,occlusion_70,0.1619753622346454,0.00536693759974563,0.22240447666909957,0.009408523392178528,0.5510958300696479,0.0007024542698762955,0.0003818125180967197,0.0004873328412608907,0.009438709627526501,0.0032494856478580817,0.08698509881893794,0.019237164407909006,0.02534970092690653,0.015037711844419117
original,clean,0.25918377935886383,0.017057927646841175,0.3912472228209178,0.02486082287892487,0.47554930051167804,0.011246516047692187,0.3001016279061635,0.01863670121123699,0.15070059398810068,0.01058918127517452,0.11038356771071751,0.04063875388806584,0.572567343711853,0.02504007871216721
original,missing_s1_zero,0.1538514345884323,0.019932110611831148,0.23793725669384003,0.028722331021668962,0.40880435705184937,0.030491371064471032,0.14360798398653665,0.027284481459593536,0.04131395307679971,0.017830334499158856,0.021679455724855263,0.006393950426397704,0.399973859389623,0.010183437858057311
original,missing_s2_zero,0.02746273639301459,0.01165897320167202,0.05275611455241839,0.021975544898988047,0.029707894039650757,0.029241518627606294,0.029288442184527714,0.02502795015282225,0.03819142344097296,0.013738494774982865,0.01266319082545427,0.010894421088330582,0.6154083410898844,0.0038173985092388625
original,occlusion_30,0.09474270873599583,0.04678653848778505,0.15226586990886265,0.05742113505617322,0.27609507656759685,0.18274507661255865,0.03550848023345073,0.010553952942901259,0.05040031340387133,0.0014931925511940162,0.01696696391122209,0.005074822016099006,0.5370355314678616,0.12105649440564839
original,occlusion_70,0.033361239565743335,0.02602857982209275,0.06208944424158997,0.0465338387059304,0.059407218178320266,0.07283529479396018,0.014196556035231978,0.024486228015298123,0.046075743105676435,0.002014957570649224,0.013765440839860173,0.008323844863680532,0.617674363984002,0.005319613485052129
