date,kind,path,width,height,dtype,crs,transform,res_x,res_y,left,bottom,right,top,nodata,selected_item_id,selected_acquisition_datetime,source,method,source_crs,reference_crs,same_crs,same_transform,same_width,same_height,source_bounds,reference_bounds
2025-01-01,B02,data\raw\SummerSchool_Subset\images\2025-01-01\layers\2025-01-01_B02.tif,2652,3200,uint16,EPSG:32629,"(10.028483377, 0.0, 654277.652056, 0.0, -10.024018454, 6071097.358885, 0.0, 0.0, 1.0)",10.028483376651703,10.024018454400357,654277.652056,6039020.499830919,680873.1899708803,6071097.358885,0.0,,,,,,,,,,,,
2025-01-01,B03,data\raw\SummerSchool_Subset\images\2025-01-01\layers\2025-01-01_B03.tif,2652,3200,uint16,EPSG:32629,"(10.028483377, 0.0, 654277.652056, 0.0, -10.024018454, 6071097.358885, 0.0, 0.0, 1.0)",10.028483376651703,10.024018454400357,654277.652056,6039020.499830919,680873.1899708803,6071097.358885,0.0,,,,,,,,,,,,
2025-01-01,B04,data\raw\SummerSchool_Subset\images\2025-01-01\layers\2025-01-01_B04.tif,2652,3200,uint16,EPSG:32629,"(10.028483377, 0.0, 654277.652056, 0.0, -10.024018454, 6071097.358885, 0.0, 0.0, 1.0)",10.028483376651703,10.024018454400357,654277.652056,6039020.499830919,680873.1899708803,6071097.358885,0.0,,,,,,,,,,,,
2025-01-01,B08,data\raw\SummerSchool_Subset\images\2025-01-01\layers\2025-01-01_B08.tif,2652,3200,uint16,EPSG:32629,"(10.028483377, 0.0, 654277.652056, 0.0, -10.024018454, 6071097.358885, 0.0, 0.0, 1.0)",10.028483376651703,10.024018454400357,654277.652056,6039020.499830919,680873.1899708803,6071097.358885,0.0,,,,,,,,,,,,
2025-01-01,NDVI,data\raw\SummerSchool_Subset\images\2025-01-01\layers\2025-01-01_NDVI.tif,2652,3200,float32,EPSG:32629,"(10.028483377, 0.0, 654277.652056, 0.0, -10.024018454, 6071097.358885, 0.0, 0.0, 1.0)",10.028483376651703,10.024018454400357,654277.652056,6039020.499830919,680873.1899708803,6071097.358885,,,,,,,,,,,,,
2025-01-01,NDWI,data\raw\SummerSchool_Subset\images\2025-01-01\layers\2025-01-01_NDWI.tif,2652,3200,float32,EPSG:32629,"(10.028483377, 0.0, 654277.652056, 0.0, -10.024018454, 6071097.358885, 0.0, 0.0, 1.0)",10.028483376651703,10.024018454400357,654277.652056,6039020.499830919,680873.1899708803,6071097.358885,,,,,,,,,,,,,
2025-01-01,VV,data\raw\SummerSchool_Subset\images\2025-01-01\layers\2025-01-01_VV.tif,2379,2985,float32,EPSG:32629,"(9.998377372, 0.0, 654710.344501012, 0.0, -10.0, 6070539.249672597, 0.0, 0.0, 1.0)",9.998377371969026,10.0,654710.3445010117,6040689.249672597,678496.484268926,6070539.249672597,-9999.0,,,,,,,,,,,,
2025-01-01,VH,data\raw\SummerSchool_Subset\images\2025-01-01\layers\2025-01-01_VH.tif,2379,2985,float32,EPSG:32629,"(9.998377372, 0.0, 654710.344501012, 0.0, -10.0, 6070539.249672597, 0.0, 0.0, 1.0)",9.998377371969026,10.0,654710.3445010117,6040689.249672597,678496.484268926,6070539.249672597,-9999.0,,,,,,,,,,,,
2025-01-01,mask,data\raw\SummerSchool_Subset\masks\2025_01_01.tiff,2559,3088,uint8,EPSG:32629,"(10.0, 0.0, 653880.0, 0.0, -10.0, 6071110.0, 0.0, 0.0, 1.0)",10.0,10.0,653880.0,6040230.0,679470.0,6071110.0,255.0,,,,,,,,,,,,
2025-01-01,metadata,data\raw\SummerSchool_Subset\images\2025-01-01\layers\metadata.json,,,,EPSG:32629,,10.0,10.0,,,,,,S2B_MSIL2A_20250101T113409_N0511_R080_T29UPA_20250101T134107,2025-01-01T11:34:09.024000+00:00,,,,,,,,,,
2025-01-01,metadata_s1,data\raw\SummerSchool_Subset\images\2025-01-01\layers\metadata_s1.json,,,,EPSG:32629,,10.0,10.0,,,,,-9999.0,S1A_IW_GRDH_1SDV_20250101T063857_20250101T063922_057247_070ABF_AB64_COG,2025-01-01T06:38:57.591100+00:00,,,,,,,,,,
2025-01-31,B02,data\raw\SummerSchool_Subset\images\2025-01-31\layers\2025-01-31_B02.tif,2652,3200,uint16,EPSG:32629,"(10.028483377, 0.0, 654277.652056, 0.0, -10.024018454, 6071097.358885, 0.0, 0.0, 1.0)",10.028483376651703,10.024018454400357,654277.652056,6039020.499830919,680873.1899708803,6071097.358885,0.0,,,,,,,,,,,,
2025-01-31,B03,data\raw\SummerSchool_Subset\images\2025-01-31\layers\2025-01-31_B03.tif,2652,3200,uint16,EPSG:32629,"(10.028483377, 0.0, 654277.652056, 0.0, -10.024018454, 6071097.358885, 0.0, 0.0, 1.0)",10.028483376651703,10.024018454400357,654277.652056,6039020.499830919,680873.1899708803,6071097.358885,0.0,,,,,,,,,,,,
2025-01-31,B04,data\raw\SummerSchool_Subset\images\2025-01-31\layers\2025-01-31_B04.tif,2652,3200,uint16,EPSG:32629,"(10.028483377, 0.0, 654277.652056, 0.0, -10.024018454, 6071097.358885, 0.0, 0.0, 1.0)",10.028483376651703,10.024018454400357,654277.652056,6039020.499830919,680873.1899708803,6071097.358885,0.0,,,,,,,,,,,,
2025-01-31,B08,data\raw\SummerSchool_Subset\images\2025-01-31\layers\2025-01-31_B08.tif,2652,3200,uint16,EPSG:32629,"(10.028483377, 0.0, 654277.652056, 0.0, -10.024018454, 6071097.358885, 0.0, 0.0, 1.0)",10.028483376651703,10.024018454400357,654277.652056,6039020.499830919,680873.1899708803,6071097.358885,0.0,,,,,,,,,,,,
2025-01-31,NDVI,data\raw\SummerSchool_Subset\images\2025-01-31\layers\2025-01-31_NDVI.tif,2652,3200,float32,EPSG:32629,"(10.028483377, 0.0, 654277.652056, 0.0, -10.024018454, 6071097.358885, 0.0, 0.0, 1.0)",10.028483376651703,10.024018454400357,654277.652056,6039020.499830919,680873.1899708803,6071097.358885,,,,,,,,,,,,,
2025-01-31,NDWI,data\raw\SummerSchool_Subset\images\2025-01-31\layers\2025-01-31_NDWI.tif,2652,3200,float32,EPSG:32629,"(10.028483377, 0.0, 654277.652056, 0.0, -10.024018454, 6071097.358885, 0.0, 0.0, 1.0)",10.028483376651703,10.024018454400357,654277.652056,6039020.499830919,680873.1899708803,6071097.358885,,,,,,,,,,,,,
2025-01-31,VV,data\raw\SummerSchool_Subset\images\2025-01-31\layers\2025-01-31_VV.tif,2379,2985,float32,EPSG:32629,"(9.998377372, 0.0, 654710.344501012, 0.0, -10.0, 6070539.249672597, 0.0, 0.0, 1.0)",9.998377371969026,10.0,654710.3445010117,6040689.249672597,678496.484268926,6070539.249672597,-9999.0,,,,,,,,,,,,
2025-01-31,VH,data\raw\SummerSchool_Subset\images\2025-01-31\layers\2025-01-31_VH.tif,2379,2985,float32,EPSG:32629,"(9.998377372, 0.0, 654710.344501012, 0.0, -10.0, 6070539.249672597, 0.0, 0.0, 1.0)",9.998377371969026,10.0,654710.3445010117,6040689.249672597,678496.484268926,6070539.249672597,-9999.0,,,,,,,,,,,,
2025-01-31,mask,data\raw\SummerSchool_Subset\masks\2025_01_31.tiff,2559,3088,uint8,EPSG:32629,"(10.0, 0.0, 653880.0, 0.0, -10.0, 6071110.0, 0.0, 0.0, 1.0)",10.0,10.0,653880.0,6040230.0,679470.0,6071110.0,255.0,,,,,,,,,,,,
2025-01-31,metadata,data\raw\SummerSchool_Subset\images\2025-01-31\layers\metadata.json,,,,EPSG:32629,,10.0,10.0,,,,,,S2B_MSIL2A_20250131T113319_N0511_R080_T29UPA_20250131T151540,2025-01-31T11:33:19.024000+00:00,,,,,,,,,,
2025-01-31,metadata_s1,data\raw\SummerSchool_Subset\images\2025-01-31\layers\metadata_s1.json,,,,EPSG:32629,,10.0,10.0,,,,,-9999.0,S1A_IW_GRDH_1SDV_20250130T064705_20250130T064730_057670_071B7C_4B88_COG,2025-01-30T06:47:05.344068+00:00,,,,,,,,,,
2025-03-12,B02,data\raw\SummerSchool_Subset\images\2025-03-12\layers\2025-03-12_B02.tif,2652,3200,uint16,EPSG:32629,"(10.028483377, 0.0, 654277.652056, 0.0, -10.024018454, 6071097.358885, 0.0, 0.0, 1.0)",10.028483376651703,10.024018454400357,654277.652056,6039020.499830919,680873.1899708803,6071097.358885,0.0,,,,,,,,,,,,
2025-03-12,B03,data\raw\SummerSchool_Subset\images\2025-03-12\layers\2025-03-12_B03.tif,2652,3200,uint16,EPSG:32629,"(10.028483377, 0.0, 654277.652056, 0.0, -10.024018454, 6071097.358885, 0.0, 0.0, 1.0)",10.028483376651703,10.024018454400357,654277.652056,6039020.499830919,680873.1899708803,6071097.358885,0.0,,,,,,,,,,,,
2025-03-12,B04,data\raw\SummerSchool_Subset\images\2025-03-12\layers\2025-03-12_B04.tif,2652,3200,uint16,EPSG:32629,"(10.028483377, 0.0, 654277.652056, 0.0, -10.024018454, 6071097.358885, 0.0, 0.0, 1.0)",10.028483376651703,10.024018454400357,654277.652056,6039020.499830919,680873.1899708803,6071097.358885,0.0,,,,,,,,,,,,
2025-03-12,B08,data\raw\SummerSchool_Subset\images\2025-03-12\layers\2025-03-12_B08.tif,2652,3200,uint16,EPSG:32629,"(10.028483377, 0.0, 654277.652056, 0.0, -10.024018454, 6071097.358885, 0.0, 0.0, 1.0)",10.028483376651703,10.024018454400357,654277.652056,6039020.499830919,680873.1899708803,6071097.358885,0.0,,,,,,,,,,,,
2025-03-12,NDVI,data\raw\SummerSchool_Subset\images\2025-03-12\layers\2025-03-12_NDVI.tif,2652,3200,float32,EPSG:32629,"(10.028483377, 0.0, 654277.652056, 0.0, -10.024018454, 6071097.358885, 0.0, 0.0, 1.0)",10.028483376651703,10.024018454400357,654277.652056,6039020.499830919,680873.1899708803,6071097.358885,,,,,,,,,,,,,
2025-03-12,NDWI,data\raw\SummerSchool_Subset\images\2025-03-12\layers\2025-03-12_NDWI.tif,2652,3200,float32,EPSG:32629,"(10.028483377, 0.0, 654277.652056, 0.0, -10.024018454, 6071097.358885, 0.0, 0.0, 1.0)",10.028483376651703,10.024018454400357,654277.652056,6039020.499830919,680873.1899708803,6071097.358885,,,,,,,,,,,,,
2025-03-12,VV,data\raw\SummerSchool_Subset\images\2025-03-12\layers\2025-03-12_VV.tif,2379,2985,float32,EPSG:32629,"(9.998377372, 0.0, 654710.344501012, 0.0, -10.0, 6070539.249672597, 0.0, 0.0, 1.0)",9.998377371969026,10.0,654710.3445010117,6040689.249672597,678496.484268926,6070539.249672597,-9999.0,,,,,,,,,,,,
2025-03-12,VH,data\raw\SummerSchool_Subset\images\2025-03-12\layers\2025-03-12_VH.tif,2379,2985,float32,EPSG:32629,"(9.998377372, 0.0, 654710.344501012, 0.0, -10.0, 6070539.249672597, 0.0, 0.0, 1.0)",9.998377371969026,10.0,654710.3445010117,6040689.249672597,678496.484268926,6070539.249672597,-9999.0,,,,,,,,,,,,
2025-03-12,mask,data\raw\SummerSchool_Subset\masks\2025_03_12.tiff,2559,3088,uint8,EPSG:32629,"(10.0, 0.0, 653880.0, 0.0, -10.0, 6071110.0, 0.0, 0.0, 1.0)",10.0,10.0,653880.0,6040230.0,679470.0,6071110.0,255.0,,,,,,,,,,,,
2025-03-12,metadata,data\raw\SummerSchool_Subset\images\2025-03-12\layers\metadata.json,,,,EPSG:32629,,10.0,10.0,,,,,,S2B_MSIL2A_20250312T113319_N0511_R080_T29UPA_20250312T152656,2025-03-12T11:33:19.024000+00:00,,,,,,,,,,
2025-03-12,metadata_s1,data\raw\SummerSchool_Subset\images\2025-03-12\layers\metadata_s1.json,,,,EPSG:32629,,10.0,10.0,,,,,-9999.0,S1A_IW_GRDH_1SDV_20250314T063854_20250314T063919_058297_0734CB_432F_COG,2025-03-14T06:38:54.791216+00:00,,,,,,,,,,
2025-04-08,B02,data\raw\SummerSchool_Subset\images\2025-04-08\layers\2025-04-08_B02.tif,2652,3200,uint16,EPSG:32629,"(10.028483377, 0.0, 654277.652056, 0.0, -10.024018454, 6071097.358885, 0.0, 0.0, 1.0)",10.028483376651703,10.024018454400357,654277.652056,6039020.499830919,680873.1899708803,6071097.358885,0.0,,,,,,,,,,,,
2025-04-08,B03,data\raw\SummerSchool_Subset\images\2025-04-08\layers\2025-04-08_B03.tif,2652,3200,uint16,EPSG:32629,"(10.028483377, 0.0, 654277.652056, 0.0, -10.024018454, 6071097.358885, 0.0, 0.0, 1.0)",10.028483376651703,10.024018454400357,654277.652056,6039020.499830919,680873.1899708803,6071097.358885,0.0,,,,,,,,,,,,
2025-04-08,B04,data\raw\SummerSchool_Subset\images\2025-04-08\layers\2025-04-08_B04.tif,2652,3200,uint16,EPSG:32629,"(10.028483377, 0.0, 654277.652056, 0.0, -10.024018454, 6071097.358885, 0.0, 0.0, 1.0)",10.028483376651703,10.024018454400357,654277.652056,6039020.499830919,680873.1899708803,6071097.358885,0.0,,,,,,,,,,,,
2025-04-08,B08,data\raw\SummerSchool_Subset\images\2025-04-08\layers\2025-04-08_B08.tif,2652,3200,uint16,EPSG:32629,"(10.028483377, 0.0, 654277.652056, 0.0, -10.024018454, 6071097.358885, 0.0, 0.0, 1.0)",10.028483376651703,10.024018454400357,654277.652056,6039020.499830919,680873.1899708803,6071097.358885,0.0,,,,,,,,,,,,
2025-04-08,NDVI,data\raw\SummerSchool_Subset\images\2025-04-08\layers\2025-04-08_NDVI.tif,2652,3200,float32,EPSG:32629,"(10.028483377, 0.0, 654277.652056, 0.0, -10.024018454, 6071097.358885, 0.0, 0.0, 1.0)",10.028483376651703,10.024018454400357,654277.652056,6039020.499830919,680873.1899708803,6071097.358885,,,,,,,,,,,,,
2025-04-08,NDWI,data\raw\SummerSchool_Subset\images\2025-04-08\layers\2025-04-08_NDWI.tif,2652,3200,float32,EPSG:32629,"(10.028483377, 0.0, 654277.652056, 0.0, -10.024018454, 6071097.358885, 0.0, 0.0, 1.0)",10.028483376651703,10.024018454400357,654277.652056,6039020.499830919,680873.1899708803,6071097.358885,,,,,,,,,,,,,
2025-04-08,VV,data\raw\SummerSchool_Subset\images\2025-04-08\layers\2025-04-08_VV.tif,2379,2985,float32,EPSG:32629,"(9.998377372, 0.0, 654710.344501012, 0.0, -10.0, 6070539.249672597, 0.0, 0.0, 1.0)",9.998377371969026,10.0,654710.3445010117,6040689.249672597,678496.484268926,6070539.249672597,-9999.0,,,,,,,,,,,,
2025-04-08,VH,data\raw\SummerSchool_Subset\images\2025-04-08\layers\2025-04-08_VH.tif,2379,2985,float32,EPSG:32629,"(9.998377372, 0.0, 654710.344501012, 0.0, -10.0, 6070539.249672597, 0.0, 0.0, 1.0)",9.998377371969026,10.0,654710.3445010117,6040689.249672597,678496.484268926,6070539.249672597,-9999.0,,,,,,,,,,,,
2025-04-08,mask,data\raw\SummerSchool_Subset\masks\2025_04_08.tiff,2559,3088,uint8,EPSG:32629,"(10.0, 0.0, 653880.0, 0.0, -10.0, 6071110.0, 0.0, 0.0, 1.0)",10.0,10.0,653880.0,6040230.0,679470.0,6071110.0,255.0,,,,,,,,,,,,
2025-04-08,metadata,data\raw\SummerSchool_Subset\images\2025-04-08\layers\metadata.json,,,,EPSG:32629,,10.0,10.0,,,,,,S2A_MSIL2A_20250408T113331_N0511_R080_T29UPA_20250408T180513,2025-04-08T11:33:31.024000+00:00,,,,,,,,,,
2025-04-08,metadata_s1,data\raw\SummerSchool_Subset\images\2025-04-08\layers\metadata_s1.json,,,,EPSG:32629,,10.0,10.0,,,,,-9999.0,S1A_IW_GRDH_1SDV_20250407T063855_20250407T063920_058647_0742D3_8C23_COG,2025-04-07T06:38:55.384989+00:00,,,,,,,,,,
2025-04-09,B02,data\raw\SummerSchool_Subset\images\2025-04-09\layers\2025-04-09_B02.tif,2652,3200,uint16,EPSG:32629,"(10.028483377, 0.0, 654277.652056, 0.0, -10.024018454, 6071097.358885, 0.0, 0.0, 1.0)",10.028483376651703,10.024018454400357,654277.652056,6039020.499830919,680873.1899708803,6071097.358885,0.0,,,,,,,,,,,,
2025-04-09,B03,data\raw\SummerSchool_Subset\images\2025-04-09\layers\2025-04-09_B03.tif,2652,3200,uint16,EPSG:32629,"(10.028483377, 0.0, 654277.652056, 0.0, -10.024018454, 6071097.358885, 0.0, 0.0, 1.0)",10.028483376651703,10.024018454400357,654277.652056,6039020.499830919,680873.1899708803,6071097.358885,0.0,,,,,,,,,,,,
2025-04-09,B04,data\raw\SummerSchool_Subset\images\2025-04-09\layers\2025-04-09_B04.tif,2652,3200,uint16,EPSG:32629,"(10.028483377, 0.0, 654277.652056, 0.0, -10.024018454, 6071097.358885, 0.0, 0.0, 1.0)",10.028483376651703,10.024018454400357,654277.652056,6039020.499830919,680873.1899708803,6071097.358885,0.0,,,,,,,,,,,,
2025-04-09,B08,data\raw\SummerSchool_Subset\images\2025-04-09\layers\2025-04-09_B08.tif,2652,3200,uint16,EPSG:32629,"(10.028483377, 0.0, 654277.652056, 0.0, -10.024018454, 6071097.358885, 0.0, 0.0, 1.0)",10.028483376651703,10.024018454400357,654277.652056,6039020.499830919,680873.1899708803,6071097.358885,0.0,,,,,,,,,,,,
2025-04-09,NDVI,data\raw\SummerSchool_Subset\images\2025-04-09\layers\2025-04-09_NDVI.tif,2652,3200,float32,EPSG:32629,"(10.028483377, 0.0, 654277.652056, 0.0, -10.024018454, 6071097.358885, 0.0, 0.0, 1.0)",10.028483376651703,10.024018454400357,654277.652056,6039020.499830919,680873.1899708803,6071097.358885,,,,,,,,,,,,,
2025-04-09,NDWI,data\raw\SummerSchool_Subset\images\2025-04-09\layers\2025-04-09_NDWI.tif,2652,3200,float32,EPSG:32629,"(10.028483377, 0.0, 654277.652056, 0.0, -10.024018454, 6071097.358885, 0.0, 0.0, 1.0)",10.028483376651703,10.024018454400357,654277.652056,6039020.499830919,680873.1899708803,6071097.358885,,,,,,,,,,,,,
2025-04-09,VV,data\raw\SummerSchool_Subset\images\2025-04-09\layers\2025-04-09_VV.tif,2379,2985,float32,EPSG:32629,"(9.998377372, 0.0, 654710.344501012, 0.0, -10.0, 6070539.249672597, 0.0, 0.0, 1.0)",9.998377371969026,10.0,654710.3445010117,6040689.249672597,678496.484268926,6070539.249672597,-9999.0,,,,,,,,,,,,
2025-04-09,VH,data\raw\SummerSchool_Subset\images\2025-04-09\layers\2025-04-09_VH.tif,2379,2985,float32,EPSG:32629,"(9.998377372, 0.0, 654710.344501012, 0.0, -10.0, 6070539.249672597, 0.0, 0.0, 1.0)",9.998377371969026,10.0,654710.3445010117,6040689.249672597,678496.484268926,6070539.249672597,-9999.0,,,,,,,,,,,,
2025-04-09,mask,data\raw\SummerSchool_Subset\masks\2025_04_09.tiff,2559,3088,uint8,EPSG:32629,"(10.0, 0.0, 653880.0, 0.0, -10.0, 6071110.0, 0.0, 0.0, 1.0)",10.0,10.0,653880.0,6040230.0,679470.0,6071110.0,255.0,,,,,,,,,,,,
2025-04-09,metadata,data\raw\SummerSchool_Subset\images\2025-04-09\layers\metadata.json,,,,EPSG:32629,,10.0,10.0,,,,,,S2C_MSIL2A_20250409T114411_N0511_R123_T29UPA_20250409T164919,2025-04-09T11:44:11.025000+00:00,,,,,,,,,,
2025-04-09,metadata_s1,data\raw\SummerSchool_Subset\images\2025-04-09\layers\metadata_s1.json,,,,EPSG:32629,,10.0,10.0,,,,,-9999.0,S1A_IW_GRDH_1SDV_20250407T063855_20250407T063920_058647_0742D3_8C23_COG,2025-04-07T06:38:55.384989+00:00,,,,,,,,,,
2025-05-16,B02,data\raw\SummerSchool_Subset\images\2025-05-16\layers\2025-05-16_B02.tif,2652,3200,uint16,EPSG:32629,"(10.028483377, 0.0, 654277.652056, 0.0, -10.024018454, 6071097.358885, 0.0, 0.0, 1.0)",10.028483376651703,10.024018454400357,654277.652056,6039020.499830919,680873.1899708803,6071097.358885,0.0,,,,,,,,,,,,
2025-05-16,B03,data\raw\SummerSchool_Subset\images\2025-05-16\layers\2025-05-16_B03.tif,2652,3200,uint16,EPSG:32629,"(10.028483377, 0.0, 654277.652056, 0.0, -10.024018454, 6071097.358885, 0.0, 0.0, 1.0)",10.028483376651703,10.024018454400357,654277.652056,6039020.499830919,680873.1899708803,6071097.358885,0.0,,,,,,,,,,,,
2025-05-16,B04,data\raw\SummerSchool_Subset\images\2025-05-16\layers\2025-05-16_B04.tif,2652,3200,uint16,EPSG:32629,"(10.028483377, 0.0, 654277.652056, 0.0, -10.024018454, 6071097.358885, 0.0, 0.0, 1.0)",10.028483376651703,10.024018454400357,654277.652056,6039020.499830919,680873.1899708803,6071097.358885,0.0,,,,,,,,,,,,
2025-05-16,B08,data\raw\SummerSchool_Subset\images\2025-05-16\layers\2025-05-16_B08.tif,2652,3200,uint16,EPSG:32629,"(10.028483377, 0.0, 654277.652056, 0.0, -10.024018454, 6071097.358885, 0.0, 0.0, 1.0)",10.028483376651703,10.024018454400357,654277.652056,6039020.499830919,680873.1899708803,6071097.358885,0.0,,,,,,,,,,,,
2025-05-16,NDVI,data\raw\SummerSchool_Subset\images\2025-05-16\layers\2025-05-16_NDVI.tif,2652,3200,float32,EPSG:32629,"(10.028483377, 0.0, 654277.652056, 0.0, -10.024018454, 6071097.358885, 0.0, 0.0, 1.0)",10.028483376651703,10.024018454400357,654277.652056,6039020.499830919,680873.1899708803,6071097.358885,,,,,,,,,,,,,
2025-05-16,NDWI,data\raw\SummerSchool_Subset\images\2025-05-16\layers\2025-05-16_NDWI.tif,2652,3200,float32,EPSG:32629,"(10.028483377, 0.0, 654277.652056, 0.0, -10.024018454, 6071097.358885, 0.0, 0.0, 1.0)",10.028483376651703,10.024018454400357,654277.652056,6039020.499830919,680873.1899708803,6071097.358885,,,,,,,,,,,,,
2025-05-16,VV,data\raw\SummerSchool_Subset\images\2025-05-16\layers\2025-05-16_VV.tif,2379,2985,float32,EPSG:32629,"(9.998377372, 0.0, 654710.344501012, 0.0, -10.0, 6070539.249672597, 0.0, 0.0, 1.0)",9.998377371969026,10.0,654710.3445010117,6040689.249672597,678496.484268926,6070539.249672597,-9999.0,,,,,,,,,,,,
2025-05-16,VH,data\raw\SummerSchool_Subset\images\2025-05-16\layers\2025-05-16_VH.tif,2379,2985,float32,EPSG:32629,"(9.998377372, 0.0, 654710.344501012, 0.0, -10.0, 6070539.249672597, 0.0, 0.0, 1.0)",9.998377371969026,10.0,654710.3445010117,6040689.249672597,678496.484268926,6070539.249672597,-9999.0,,,,,,,,,,,,
2025-05-16,mask,data\raw\SummerSchool_Subset\masks\2025_05_16.tiff,2559,3088,uint8,EPSG:32629,"(10.0, 0.0, 653880.0, 0.0, -10.0, 6071110.0, 0.0, 0.0, 1.0)",10.0,10.0,653880.0,6040230.0,679470.0,6071110.0,255.0,,,,,,,,,,,,
2025-05-16,metadata,data\raw\SummerSchool_Subset\images\2025-05-16\layers\metadata.json,,,,EPSG:32629,,10.0,10.0,,,,,,S2C_MSIL2A_20250516T113331_N0511_R080_T29UPA_20250516T140713,2025-05-16T11:33:31.025000+00:00,,,,,,,,,,
2025-05-16,metadata_s1,data\raw\SummerSchool_Subset\images\2025-05-16\layers\metadata_s1.json,,,,EPSG:32629,,10.0,10.0,,,,,-9999.0,S1A_IW_GRDH_1SDV_20250518T064705_20250518T064729_059245_075A15_790B_COG,2025-05-18T06:47:05.001496+00:00,,,,,,,,,,
2025-05-18,B02,data\raw\SummerSchool_Subset\images\2025-05-18\layers\2025-05-18_B02.tif,2652,3200,uint16,EPSG:32629,"(10.028483377, 0.0, 654277.652056, 0.0, -10.024018454, 6071097.358885, 0.0, 0.0, 1.0)",10.028483376651703,10.024018454400357,654277.652056,6039020.499830919,680873.1899708803,6071097.358885,0.0,,,,,,,,,,,,
2025-05-18,B03,data\raw\SummerSchool_Subset\images\2025-05-18\layers\2025-05-18_B03.tif,2652,3200,uint16,EPSG:32629,"(10.028483377, 0.0, 654277.652056, 0.0, -10.024018454, 6071097.358885, 0.0, 0.0, 1.0)",10.028483376651703,10.024018454400357,654277.652056,6039020.499830919,680873.1899708803,6071097.358885,0.0,,,,,,,,,,,,
2025-05-18,B04,data\raw\SummerSchool_Subset\images\2025-05-18\layers\2025-05-18_B04.tif,2652,3200,uint16,EPSG:32629,"(10.028483377, 0.0, 654277.652056, 0.0, -10.024018454, 6071097.358885, 0.0, 0.0, 1.0)",10.028483376651703,10.024018454400357,654277.652056,6039020.499830919,680873.1899708803,6071097.358885,0.0,,,,,,,,,,,,
2025-05-18,B08,data\raw\SummerSchool_Subset\images\2025-05-18\layers\2025-05-18_B08.tif,2652,3200,uint16,EPSG:32629,"(10.028483377, 0.0, 654277.652056, 0.0, -10.024018454, 6071097.358885, 0.0, 0.0, 1.0)",10.028483376651703,10.024018454400357,654277.652056,6039020.499830919,680873.1899708803,6071097.358885,0.0,,,,,,,,,,,,
2025-05-18,NDVI,data\raw\SummerSchool_Subset\images\2025-05-18\layers\2025-05-18_NDVI.tif,2652,3200,float32,EPSG:32629,"(10.028483377, 0.0, 654277.652056, 0.0, -10.024018454, 6071097.358885, 0.0, 0.0, 1.0)",10.028483376651703,10.024018454400357,654277.652056,6039020.499830919,680873.1899708803,6071097.358885,,,,,,,,,,,,,
2025-05-18,NDWI,data\raw\SummerSchool_Subset\images\2025-05-18\layers\2025-05-18_NDWI.tif,2652,3200,float32,EPSG:32629,"(10.028483377, 0.0, 654277.652056, 0.0, -10.024018454, 6071097.358885, 0.0, 0.0, 1.0)",10.028483376651703,10.024018454400357,654277.652056,6039020.499830919,680873.1899708803,6071097.358885,,,,,,,,,,,,,
2025-05-18,VV,data\raw\SummerSchool_Subset\images\2025-05-18\layers\2025-05-18_VV.tif,2379,2985,float32,EPSG:32629,"(9.998377372, 0.0, 654710.344501012, 0.0, -10.0, 6070539.249672597, 0.0, 0.0, 1.0)",9.998377371969026,10.0,654710.3445010117,6040689.249672597,678496.484268926,6070539.249672597,-9999.0,,,,,,,,,,,,
2025-05-18,VH,data\raw\SummerSchool_Subset\images\2025-05-18\layers\2025-05-18_VH.tif,2379,2985,float32,EPSG:32629,"(9.998377372, 0.0, 654710.344501012, 0.0, -10.0, 6070539.249672597, 0.0, 0.0, 1.0)",9.998377371969026,10.0,654710.3445010117,6040689.249672597,678496.484268926,6070539.249672597,-9999.0,,,,,,,,,,,,
2025-05-18,mask,data\raw\SummerSchool_Subset\masks\2025_05_18.tiff,2559,3088,uint8,EPSG:32629,"(10.0, 0.0, 653880.0, 0.0, -10.0, 6071110.0, 0.0, 0.0, 1.0)",10.0,10.0,653880.0,6040230.0,679470.0,6071110.0,255.0,,,,,,,,,,,,
2025-05-18,metadata,data\raw\SummerSchool_Subset\images\2025-05-18\layers\metadata.json,,,,EPSG:32629,,10.0,10.0,,,,,,S2A_MSIL2A_20250518T113331_N0511_R080_T29UPA_20250518T150714,2025-05-18T11:33:31.024000+00:00,,,,,,,,,,
2025-05-18,metadata_s1,data\raw\SummerSchool_Subset\images\2025-05-18\layers\metadata_s1.json,,,,EPSG:32629,,10.0,10.0,,,,,-9999.0,S1A_IW_GRDH_1SDV_20250518T064705_20250518T064729_059245_075A15_790B_COG,2025-05-18T06:47:05.001496+00:00,,,,,,,,,,
2025-05-21,B02,data\raw\SummerSchool_Subset\images\2025-05-21\layers\2025-05-21_B02.tif,2652,3200,uint16,EPSG:32629,"(10.028483377, 0.0, 654277.652056, 0.0, -10.024018454, 6071097.358885, 0.0, 0.0, 1.0)",10.028483376651703,10.024018454400357,654277.652056,6039020.499830919,680873.1899708803,6071097.358885,0.0,,,,,,,,,,,,
2025-05-21,B03,data\raw\SummerSchool_Subset\images\2025-05-21\layers\2025-05-21_B03.tif,2652,3200,uint16,EPSG:32629,"(10.028483377, 0.0, 654277.652056, 0.0, -10.024018454, 6071097.358885, 0.0, 0.0, 1.0)",10.028483376651703,10.024018454400357,654277.652056,6039020.499830919,680873.1899708803,6071097.358885,0.0,,,,,,,,,,,,
2025-05-21,B04,data\raw\SummerSchool_Subset\images\2025-05-21\layers\2025-05-21_B04.tif,2652,3200,uint16,EPSG:32629,"(10.028483377, 0.0, 654277.652056, 0.0, -10.024018454, 6071097.358885, 0.0, 0.0, 1.0)",10.028483376651703,10.024018454400357,654277.652056,6039020.499830919,680873.1899708803,6071097.358885,0.0,,,,,,,,,,,,
2025-05-21,B08,data\raw\SummerSchool_Subset\images\2025-05-21\layers\2025-05-21_B08.tif,2652,3200,uint16,EPSG:32629,"(10.028483377, 0.0, 654277.652056, 0.0, -10.024018454, 6071097.358885, 0.0, 0.0, 1.0)",10.028483376651703,10.024018454400357,654277.652056,6039020.499830919,680873.1899708803,6071097.358885,0.0,,,,,,,,,,,,
2025-05-21,NDVI,data\raw\SummerSchool_Subset\images\2025-05-21\layers\2025-05-21_NDVI.tif,2652,3200,float32,EPSG:32629,"(10.028483377, 0.0, 654277.652056, 0.0, -10.024018454, 6071097.358885, 0.0, 0.0, 1.0)",10.028483376651703,10.024018454400357,654277.652056,6039020.499830919,680873.1899708803,6071097.358885,,,,,,,,,,,,,
2025-05-21,NDWI,data\raw\SummerSchool_Subset\images\2025-05-21\layers\2025-05-21_NDWI.tif,2652,3200,float32,EPSG:32629,"(10.028483377, 0.0, 654277.652056, 0.0, -10.024018454, 6071097.358885, 0.0, 0.0, 1.0)",10.028483376651703,10.024018454400357,654277.652056,6039020.499830919,680873.1899708803,6071097.358885,,,,,,,,,,,,,
2025-05-21,VV,data\raw\SummerSchool_Subset\images\2025-05-21\layers\2025-05-21_VV.tif,2379,2985,float32,EPSG:32629,"(9.998377372, 0.0, 654710.344501012, 0.0, -10.0, 6070539.249672597, 0.0, 0.0, 1.0)",9.998377371969026,10.0,654710.3445010117,6040689.249672597,678496.484268926,6070539.249672597,-9999.0,,,,,,,,,,,,
2025-05-21,VH,data\raw\SummerSchool_Subset\images\2025-05-21\layers\2025-05-21_VH.tif,2379,2985,float32,EPSG:32629,"(9.998377372, 0.0, 654710.344501012, 0.0, -10.0, 6070539.249672597, 0.0, 0.0, 1.0)",9.998377371969026,10.0,654710.3445010117,6040689.249672597,678496.484268926,6070539.249672597,-9999.0,,,,,,,,,,,,
2025-05-21,mask,data\raw\SummerSchool_Subset\masks\2025_05_21.tiff,2559,3088,uint8,EPSG:32629,"(10.0, 0.0, 653880.0, 0.0, -10.0, 6071110.0, 0.0, 0.0, 1.0)",10.0,10.0,653880.0,6040230.0,679470.0,6071110.0,255.0,,,,,,,,,,,,
2025-05-21,metadata,data\raw\SummerSchool_Subset\images\2025-05-21\layers\metadata.json,,,,EPSG:32629,,10.0,10.0,,,,,,S2B_MSIL2A_20250521T113319_N0511_R080_T29UPA_20250521T134011,2025-05-21T11:33:19.024000+00:00,,,,,,,,,,
2025-05-21,metadata_s1,data\raw\SummerSchool_Subset\images\2025-05-21\layers\metadata_s1.json,,,,EPSG:32629,,10.0,10.0,,,,,-9999.0,S1C_IW_GRDH_1SDV_20250519T063740_20250519T063805_002396_005082_DA4F_COG,2025-05-19T06:37:40.079594+00:00,,,,,,,,,,
2025-06-20,B02,data\raw\SummerSchool_Subset\images\2025-06-20\layers\2025-06-20_B02.tif,2652,3200,uint16,EPSG:32629,"(10.028483377, 0.0, 654277.652056, 0.0, -10.024018454, 6071097.358885, 0.0, 0.0, 1.0)",10.028483376651703,10.024018454400357,654277.652056,6039020.499830919,680873.1899708803,6071097.358885,0.0,,,,,,,,,,,,
2025-06-20,B03,data\raw\SummerSchool_Subset\images\2025-06-20\layers\2025-06-20_B03.tif,2652,3200,uint16,EPSG:32629,"(10.028483377, 0.0, 654277.652056, 0.0, -10.024018454, 6071097.358885, 0.0, 0.0, 1.0)",10.028483376651703,10.024018454400357,654277.652056,6039020.499830919,680873.1899708803,6071097.358885,0.0,,,,,,,,,,,,
2025-06-20,B04,data\raw\SummerSchool_Subset\images\2025-06-20\layers\2025-06-20_B04.tif,2652,3200,uint16,EPSG:32629,"(10.028483377, 0.0, 654277.652056, 0.0, -10.024018454, 6071097.358885, 0.0, 0.0, 1.0)",10.028483376651703,10.024018454400357,654277.652056,6039020.499830919,680873.1899708803,6071097.358885,0.0,,,,,,,,,,,,
2025-06-20,B08,data\raw\SummerSchool_Subset\images\2025-06-20\layers\2025-06-20_B08.tif,2652,3200,uint16,EPSG:32629,"(10.028483377, 0.0, 654277.652056, 0.0, -10.024018454, 6071097.358885, 0.0, 0.0, 1.0)",10.028483376651703,10.024018454400357,654277.652056,6039020.499830919,680873.1899708803,6071097.358885,0.0,,,,,,,,,,,,
2025-06-20,NDVI,data\raw\SummerSchool_Subset\images\2025-06-20\layers\2025-06-20_NDVI.tif,2652,3200,float32,EPSG:32629,"(10.028483377, 0.0, 654277.652056, 0.0, -10.024018454, 6071097.358885, 0.0, 0.0, 1.0)",10.028483376651703,10.024018454400357,654277.652056,6039020.499830919,680873.1899708803,6071097.358885,,,,,,,,,,,,,
2025-06-20,NDWI,data\raw\SummerSchool_Subset\images\2025-06-20\layers\2025-06-20_NDWI.tif,2652,3200,float32,EPSG:32629,"(10.028483377, 0.0, 654277.652056, 0.0, -10.024018454, 6071097.358885, 0.0, 0.0, 1.0)",10.028483376651703,10.024018454400357,654277.652056,6039020.499830919,680873.1899708803,6071097.358885,,,,,,,,,,,,,
2025-06-20,VV,data\raw\SummerSchool_Subset\images\2025-06-20\layers\2025-06-20_VV.tif,2379,2985,float32,EPSG:32629,"(9.998377372, 0.0, 654710.344501012, 0.0, -10.0, 6070539.249672597, 0.0, 0.0, 1.0)",9.998377371969026,10.0,654710.3445010117,6040689.249672597,678496.484268926,6070539.249672597,-9999.0,,,,,,,,,,,,
2025-06-20,VH,data\raw\SummerSchool_Subset\images\2025-06-20\layers\2025-06-20_VH.tif,2379,2985,float32,EPSG:32629,"(9.998377372, 0.0, 654710.344501012, 0.0, -10.0, 6070539.249672597, 0.0, 0.0, 1.0)",9.998377371969026,10.0,654710.3445010117,6040689.249672597,678496.484268926,6070539.249672597,-9999.0,,,,,,,,,,,,
2025-06-20,mask,data\raw\SummerSchool_Subset\masks\2025_06_20.tiff,2559,3088,uint8,EPSG:32629,"(10.0, 0.0, 653880.0, 0.0, -10.0, 6071110.0, 0.0, 0.0, 1.0)",10.0,10.0,653880.0,6040230.0,679470.0,6071110.0,255.0,,,,,,,,,,,,
2025-06-20,metadata,data\raw\SummerSchool_Subset\images\2025-06-20\layers\metadata.json,,,,EPSG:32629,,10.0,10.0,,,,,,S2B_MSIL2A_20250620T113319_N0511_R080_T29UPA_20250620T133619,2025-06-20T11:33:19.024000+00:00,,,,,,,,,,
2025-06-20,metadata_s1,data\raw\SummerSchool_Subset\images\2025-06-20\layers\metadata_s1.json,,,,EPSG:32629,,10.0,10.0,,,,,-9999.0,S1A_IW_GRDH_1SDV_20250618T063853_20250618T063918_059697_0769B2_1ACC_COG,2025-06-18T06:38:53.409045+00:00,,,,,,,,,,
2025-08-12,B02,data\raw\SummerSchool_Subset\images\2025-08-12\layers\2025-08-12_B02.tif,2652,3200,uint16,EPSG:32629,"(10.028483377, 0.0, 654277.652056, 0.0, -10.024018454, 6071097.358885, 0.0, 0.0, 1.0)",10.028483376651703,10.024018454400357,654277.652056,6039020.499830919,680873.1899708803,6071097.358885,0.0,,,,,,,,,,,,
2025-08-12,B03,data\raw\SummerSchool_Subset\images\2025-08-12\layers\2025-08-12_B03.tif,2652,3200,uint16,EPSG:32629,"(10.028483377, 0.0, 654277.652056, 0.0, -10.024018454, 6071097.358885, 0.0, 0.0, 1.0)",10.028483376651703,10.024018454400357,654277.652056,6039020.499830919,680873.1899708803,6071097.358885,0.0,,,,,,,,,,,,
2025-08-12,B04,data\raw\SummerSchool_Subset\images\2025-08-12\layers\2025-08-12_B04.tif,2652,3200,uint16,EPSG:32629,"(10.028483377, 0.0, 654277.652056, 0.0, -10.024018454, 6071097.358885, 0.0, 0.0, 1.0)",10.028483376651703,10.024018454400357,654277.652056,6039020.499830919,680873.1899708803,6071097.358885,0.0,,,,,,,,,,,,
2025-08-12,B08,data\raw\SummerSchool_Subset\images\2025-08-12\layers\2025-08-12_B08.tif,2652,3200,uint16,EPSG:32629,"(10.028483377, 0.0, 654277.652056, 0.0, -10.024018454, 6071097.358885, 0.0, 0.0, 1.0)",10.028483376651703,10.024018454400357,654277.652056,6039020.499830919,680873.1899708803,6071097.358885,0.0,,,,,,,,,,,,
2025-08-12,NDVI,data\raw\SummerSchool_Subset\images\2025-08-12\layers\2025-08-12_NDVI.tif,2652,3200,float32,EPSG:32629,"(10.028483377, 0.0, 654277.652056, 0.0, -10.024018454, 6071097.358885, 0.0, 0.0, 1.0)",10.028483376651703,10.024018454400357,654277.652056,6039020.499830919,680873.1899708803,6071097.358885,,,,,,,,,,,,,
2025-08-12,NDWI,data\raw\SummerSchool_Subset\images\2025-08-12\layers\2025-08-12_NDWI.tif,2652,3200,float32,EPSG:32629,"(10.028483377, 0.0, 654277.652056, 0.0, -10.024018454, 6071097.358885, 0.0, 0.0, 1.0)",10.028483376651703,10.024018454400357,654277.652056,6039020.499830919,680873.1899708803,6071097.358885,,,,,,,,,,,,,
2025-08-12,VV,data\raw\SummerSchool_Subset\images\2025-08-12\layers\2025-08-12_VV.tif,2379,2985,float32,EPSG:32629,"(9.998377372, 0.0, 654710.344501012, 0.0, -10.0, 6070539.249672597, 0.0, 0.0, 1.0)",9.998377371969026,10.0,654710.3445010117,6040689.249672597,678496.484268926,6070539.249672597,-9999.0,,,,,,,,,,,,
2025-08-12,VH,data\raw\SummerSchool_Subset\images\2025-08-12\layers\2025-08-12_VH.tif,2379,2985,float32,EPSG:32629,"(9.998377372, 0.0, 654710.344501012, 0.0, -10.0, 6070539.249672597, 0.0, 0.0, 1.0)",9.998377371969026,10.0,654710.3445010117,6040689.249672597,678496.484268926,6070539.249672597,-9999.0,,,,,,,,,,,,
2025-08-12,mask,data\raw\SummerSchool_Subset\masks\2025_08_12.tiff,2559,3088,uint8,EPSG:32629,"(10.0, 0.0, 653880.0, 0.0, -10.0, 6071110.0, 0.0, 0.0, 1.0)",10.0,10.0,653880.0,6040230.0,679470.0,6071110.0,255.0,,,,,,,,,,,,
2025-08-12,metadata,data\raw\SummerSchool_Subset\images\2025-08-12\layers\metadata.json,,,,EPSG:32629,,10.0,10.0,,,,,,S2B_MSIL2A_20250812T114349_N0511_R123_T29UPA_20250812T152613,2025-08-12T11:43:49.025000+00:00,,,,,,,,,,
2025-08-12,metadata_s1,data\raw\SummerSchool_Subset\images\2025-08-12\layers\metadata_s1.json,,,,EPSG:32629,,10.0,10.0,,,,,-9999.0,S1C_IW_GRDH_1SDV_20250811T063746_20250811T063811_003621_0073F2_00DE_COG,2025-08-11T06:37:46.105969+00:00,,,,,,,,,,
2025-09-08,B02,data\raw\SummerSchool_Subset\images\2025-09-08\layers\2025-09-08_B02.tif,2652,3200,uint16,EPSG:32629,"(10.028483377, 0.0, 654277.652056, 0.0, -10.024018454, 6071097.358885, 0.0, 0.0, 1.0)",10.028483376651703,10.024018454400357,654277.652056,6039020.499830919,680873.1899708803,6071097.358885,0.0,,,,,,,,,,,,
2025-09-08,B03,data\raw\SummerSchool_Subset\images\2025-09-08\layers\2025-09-08_B03.tif,2652,3200,uint16,EPSG:32629,"(10.028483377, 0.0, 654277.652056, 0.0, -10.024018454, 6071097.358885, 0.0, 0.0, 1.0)",10.028483376651703,10.024018454400357,654277.652056,6039020.499830919,680873.1899708803,6071097.358885,0.0,,,,,,,,,,,,
2025-09-08,B04,data\raw\SummerSchool_Subset\images\2025-09-08\layers\2025-09-08_B04.tif,2652,3200,uint16,EPSG:32629,"(10.028483377, 0.0, 654277.652056, 0.0, -10.024018454, 6071097.358885, 0.0, 0.0, 1.0)",10.028483376651703,10.024018454400357,654277.652056,6039020.499830919,680873.1899708803,6071097.358885,0.0,,,,,,,,,,,,
2025-09-08,B08,data\raw\SummerSchool_Subset\images\2025-09-08\layers\2025-09-08_B08.tif,2652,3200,uint16,EPSG:32629,"(10.028483377, 0.0, 654277.652056, 0.0, -10.024018454, 6071097.358885, 0.0, 0.0, 1.0)",10.028483376651703,10.024018454400357,654277.652056,6039020.499830919,680873.1899708803,6071097.358885,0.0,,,,,,,,,,,,
2025-09-08,NDVI,data\raw\SummerSchool_Subset\images\2025-09-08\layers\2025-09-08_NDVI.tif,2652,3200,float32,EPSG:32629,"(10.028483377, 0.0, 654277.652056, 0.0, -10.024018454, 6071097.358885, 0.0, 0.0, 1.0)",10.028483376651703,10.024018454400357,654277.652056,6039020.499830919,680873.1899708803,6071097.358885,,,,,,,,,,,,,
2025-09-08,NDWI,data\raw\SummerSchool_Subset\images\2025-09-08\layers\2025-09-08_NDWI.tif,2652,3200,float32,EPSG:32629,"(10.028483377, 0.0, 654277.652056, 0.0, -10.024018454, 6071097.358885, 0.0, 0.0, 1.0)",10.028483376651703,10.024018454400357,654277.652056,6039020.499830919,680873.1899708803,6071097.358885,,,,,,,,,,,,,
2025-09-08,VV,data\raw\SummerSchool_Subset\images\2025-09-08\layers\2025-09-08_VV.tif,2379,2985,float32,EPSG:32629,"(9.998377372, 0.0, 654710.344501012, 0.0, -10.0, 6070539.249672597, 0.0, 0.0, 1.0)",9.998377371969026,10.0,654710.3445010117,6040689.249672597,678496.484268926,6070539.249672597,-9999.0,,,,,,,,,,,,
2025-09-08,VH,data\raw\SummerSchool_Subset\images\2025-09-08\layers\2025-09-08_VH.tif,2379,2985,float32,EPSG:32629,"(9.998377372, 0.0, 654710.344501012, 0.0, -10.0, 6070539.249672597, 0.0, 0.0, 1.0)",9.998377371969026,10.0,654710.3445010117,6040689.249672597,678496.484268926,6070539.249672597,-9999.0,,,,,,,,,,,,
2025-09-08,mask,data\raw\SummerSchool_Subset\masks\2025_09_08.tiff,2559,3088,uint8,EPSG:32629,"(10.0, 0.0, 653880.0, 0.0, -10.0, 6071110.0, 0.0, 0.0, 1.0)",10.0,10.0,653880.0,6040230.0,679470.0,6071110.0,255.0,,,,,,,,,,,,
2025-09-08,metadata,data\raw\SummerSchool_Subset\images\2025-09-08\layers\metadata.json,,,,EPSG:32629,,10.0,10.0,,,,,,S2A_MSIL2A_20250908T114401_N0511_R123_T29UPA_20250908T152614,2025-09-08T11:44:01.024000+00:00,,,,,,,,,,
2025-09-08,metadata_s1,data\raw\SummerSchool_Subset\images\2025-09-08\layers\metadata_s1.json,,,,EPSG:32629,,10.0,10.0,,,,,-9999.0,S1C_IW_GRDH_1SDV_20250909T064608_20250909T064633_004044_0080A0_C5C3_COG,2025-09-09T06:46:08.284166+00:00,,,,,,,,,,
2025-09-21,B02,data\raw\SummerSchool_Subset\images\2025-09-21\layers\2025-09-21_B02.tif,2652,3200,uint16,EPSG:32629,"(10.028483377, 0.0, 654277.652056, 0.0, -10.024018454, 6071097.358885, 0.0, 0.0, 1.0)",10.028483376651703,10.024018454400357,654277.652056,6039020.499830919,680873.1899708803,6071097.358885,0.0,,,,,,,,,,,,
2025-09-21,B03,data\raw\SummerSchool_Subset\images\2025-09-21\layers\2025-09-21_B03.tif,2652,3200,uint16,EPSG:32629,"(10.028483377, 0.0, 654277.652056, 0.0, -10.024018454, 6071097.358885, 0.0, 0.0, 1.0)",10.028483376651703,10.024018454400357,654277.652056,6039020.499830919,680873.1899708803,6071097.358885,0.0,,,,,,,,,,,,
2025-09-21,B04,data\raw\SummerSchool_Subset\images\2025-09-21\layers\2025-09-21_B04.tif,2652,3200,uint16,EPSG:32629,"(10.028483377, 0.0, 654277.652056, 0.0, -10.024018454, 6071097.358885, 0.0, 0.0, 1.0)",10.028483376651703,10.024018454400357,654277.652056,6039020.499830919,680873.1899708803,6071097.358885,0.0,,,,,,,,,,,,
2025-09-21,B08,data\raw\SummerSchool_Subset\images\2025-09-21\layers\2025-09-21_B08.tif,2652,3200,uint16,EPSG:32629,"(10.028483377, 0.0, 654277.652056, 0.0, -10.024018454, 6071097.358885, 0.0, 0.0, 1.0)",10.028483376651703,10.024018454400357,654277.652056,6039020.499830919,680873.1899708803,6071097.358885,0.0,,,,,,,,,,,,
2025-09-21,NDVI,data\raw\SummerSchool_Subset\images\2025-09-21\layers\2025-09-21_NDVI.tif,2652,3200,float32,EPSG:32629,"(10.028483377, 0.0, 654277.652056, 0.0, -10.024018454, 6071097.358885, 0.0, 0.0, 1.0)",10.028483376651703,10.024018454400357,654277.652056,6039020.499830919,680873.1899708803,6071097.358885,,,,,,,,,,,,,
2025-09-21,NDWI,data\raw\SummerSchool_Subset\images\2025-09-21\layers\2025-09-21_NDWI.tif,2652,3200,float32,EPSG:32629,"(10.028483377, 0.0, 654277.652056, 0.0, -10.024018454, 6071097.358885, 0.0, 0.0, 1.0)",10.028483376651703,10.024018454400357,654277.652056,6039020.499830919,680873.1899708803,6071097.358885,,,,,,,,,,,,,
2025-09-21,VV,data\raw\SummerSchool_Subset\images\2025-09-21\layers\2025-09-21_VV.tif,2379,2985,float32,EPSG:32629,"(9.998377372, 0.0, 654710.344501012, 0.0, -10.0, 6070539.249672597, 0.0, 0.0, 1.0)",9.998377371969026,10.0,654710.3445010117,6040689.249672597,678496.484268926,6070539.249672597,-9999.0,,,,,,,,,,,,
2025-09-21,VH,data\raw\SummerSchool_Subset\images\2025-09-21\layers\2025-09-21_VH.tif,2379,2985,float32,EPSG:32629,"(9.998377372, 0.0, 654710.344501012, 0.0, -10.0, 6070539.249672597, 0.0, 0.0, 1.0)",9.998377371969026,10.0,654710.3445010117,6040689.249672597,678496.484268926,6070539.249672597,-9999.0,,,,,,,,,,,,
2025-09-21,mask,data\raw\SummerSchool_Subset\masks\2025_09_21.tiff,2559,3088,uint8,EPSG:32629,"(10.0, 0.0, 653880.0, 0.0, -10.0, 6071110.0, 0.0, 0.0, 1.0)",10.0,10.0,653880.0,6040230.0,679470.0,6071110.0,255.0,,,,,,,,,,,,
2025-09-21,metadata,data\raw\SummerSchool_Subset\images\2025-09-21\layers\metadata.json,,,,EPSG:32629,,10.0,10.0,,,,,,S2B_MSIL2A_20250921T114349_N0511_R123_T29UPA_20250921T152420,2025-09-21T11:43:49.024000+00:00,,,,,,,,,,
2025-09-21,metadata_s1,data\raw\SummerSchool_Subset\images\2025-09-21\layers\metadata_s1.json,,,,EPSG:32629,,10.0,10.0,,,,,-9999.0,S1C_IW_GRDH_1SDV_20250921T064608_20250921T064633_004219_0085ED_6B63_COG,2025-09-21T06:46:08.572823+00:00,,,,,,,,,,
2025-01-01,alignment_check,,,,,,,,,,,,,,,,B03,direct-or-warp,EPSG:32629,EPSG:32629,True,True,True,True,"(654277.652056, 6039020.499831, 680873.189971, 6071097.358885)","(654277.652056, 6039020.499831, 680873.189971, 6071097.358885)"
2025-01-01,alignment_check,,,,,,,,,,,,,,,,B02,direct-or-warp,EPSG:32629,EPSG:32629,True,True,True,True,"(654277.652056, 6039020.499831, 680873.189971, 6071097.358885)","(654277.652056, 6039020.499831, 680873.189971, 6071097.358885)"
2025-01-01,alignment_check,,,,,,,,,,,,,,,,VV,bilinear-to-B04,EPSG:32629,EPSG:32629,True,False,False,False,"(654710.344501, 6040689.249673, 678496.484269, 6070539.249673)","(654277.652056, 6039020.499831, 680873.189971, 6071097.358885)"
2025-01-01,alignment_check,,,,,,,,,,,,,,,,VH,bilinear-to-B04,EPSG:32629,EPSG:32629,True,False,False,False,"(654710.344501, 6040689.249673, 678496.484269, 6070539.249673)","(654277.652056, 6039020.499831, 680873.189971, 6071097.358885)"
2025-01-01,alignment_check,,,,,,,,,,,,,,,,mask,nearest-to-B04,EPSG:32629,EPSG:32629,True,False,False,False,"(653880.0, 6040230.0, 679470.0, 6071110.0)","(654277.652056, 6039020.499831, 680873.189971, 6071097.358885)"
2025-06-20,alignment_check,,,,,,,,,,,,,,,,B03,direct-or-warp,EPSG:32629,EPSG:32629,True,True,True,True,"(654277.652056, 6039020.499831, 680873.189971, 6071097.358885)","(654277.652056, 6039020.499831, 680873.189971, 6071097.358885)"
2025-06-20,alignment_check,,,,,,,,,,,,,,,,B02,direct-or-warp,EPSG:32629,EPSG:32629,True,True,True,True,"(654277.652056, 6039020.499831, 680873.189971, 6071097.358885)","(654277.652056, 6039020.499831, 680873.189971, 6071097.358885)"
2025-06-20,alignment_check,,,,,,,,,,,,,,,,VV,bilinear-to-B04,EPSG:32629,EPSG:32629,True,False,False,False,"(654710.344501, 6040689.249673, 678496.484269, 6070539.249673)","(654277.652056, 6039020.499831, 680873.189971, 6071097.358885)"
2025-06-20,alignment_check,,,,,,,,,,,,,,,,VH,bilinear-to-B04,EPSG:32629,EPSG:32629,True,False,False,False,"(654710.344501, 6040689.249673, 678496.484269, 6070539.249673)","(654277.652056, 6039020.499831, 680873.189971, 6071097.358885)"
2025-06-20,alignment_check,,,,,,,,,,,,,,,,mask,nearest-to-B04,EPSG:32629,EPSG:32629,True,False,False,False,"(653880.0, 6040230.0, 679470.0, 6071110.0)","(654277.652056, 6039020.499831, 680873.189971, 6071097.358885)"
