date,valid_tiles,valid_pixels,class_0_pixels,class_1_pixels,class_2_pixels,class_3_pixels,class_0_fraction,class_1_fraction,class_2_fraction,class_3_fraction,algae_pixels,algae_fraction,tiles_with_low,tiles_with_mid,tiles_with_high
2025-01-01,44,1174752,613341,544761,13338,3312,0.5221025373866144,0.46372425839666587,0.011353885756312822,0.0028193184604069625,561411,0.4778974626133856,44,36,17
2025-01-31,83,2935586,1139731,1772574,15347,7934,0.3882465034238479,0.6038228823819163,0.00522791701554647,0.0027026971786893654,1795855,0.6117534965761521,83,57,42
2025-03-12,38,1219390,1205125,1175,10523,2567,0.9883015278130869,0.000963596552374548,0.008629724698414781,0.0021051509361237996,14265,0.011698472186913129,23,38,17
2025-04-08,85,2948612,2826654,15259,95969,10730,0.9586388443104755,0.005174977243530176,0.032547178129913326,0.003639000316080922,121958,0.04136115568952443,48,85,43
2025-04-09,86,2961449,2856348,15611,78541,10949,0.9645102785832206,0.005271405990783566,0.02652113880738787,0.0036971766186079855,105101,0.03548972141677942,47,73,43
2025-05-16,86,3126524,2682099,6735,425438,12252,0.8578533220918823,0.0021541494643892065,0.13607379952944548,0.003918728914283082,444425,0.14214667790811777,47,86,44
2025-05-18,86,3128333,2964646,7642,143693,12352,0.9476759667209341,0.002442834570360636,0.04593276994488758,0.003948428763817662,163687,0.05232403327906588,46,86,44
2025-05-21,85,3250809,3173600,15101,47392,14716,0.9762492967135258,0.004645305214794225,0.014578524914875036,0.004526873156804967,77209,0.023750703286474228,49,84,43
2025-06-20,67,1791726,1022963,609801,120747,38215,0.5709371857080826,0.3403427756252909,0.06739144266478245,0.021328596001844034,768763,0.4290628142919174,66,67,65
2025-08-12,72,2159300,296616,184264,1573048,105372,0.13736673922104387,0.08533506228870467,0.7284990506182559,0.04879914787199555,1862684,0.8626332607789562,72,71,72
2025-09-08,58,1618660,592216,939974,78434,8036,0.3658680637070169,0.580711205565097,0.048456130379449666,0.004964600348436361,1026444,0.634131936292983,58,58,34
2025-09-21,56,1550433,1096199,444555,3778,5901,0.7070276496952786,0.2867295781243046,0.0024367386401089246,0.003806033540307772,454234,0.29297235030472135,55,44,28
