date,row_offset,col_offset,tile_size,left,bottom,right,top,valid_pixel_ratio,valid_pixels,background_pixels,low_pixels,mid_pixels,high_pixels,ignore_or_invalid_pixels,algae_pixels,mask_labels_found
2025-01-01,672,1344,224,667755.9337142198,6062115.838349857,670002.3139905898,6064361.218483644,0.2802734375,14063,6780,7278,5,0,36113,7283,0 1 2 255
2025-01-01,896,1120,224,665509.5534378499,6059870.458216072,667755.9337142198,6062115.838349857,0.2885044642857143,14476,13090,1386,0,0,35700,1386,0 1 255
2025-01-01,896,1344,224,667755.9337142198,6059870.458216072,670002.3139905898,6062115.838349857,0.44040975765306123,22098,11930,10163,0,5,28078,10168,0 1 3 255
2025-01-01,896,1568,224,670002.3139905898,6059870.458216072,672248.6942669598,6062115.838349857,0.7320033482142857,36729,7003,29726,0,0,13447,29726,0 1 255
2025-01-01,896,1792,224,672248.6942669598,6059870.458216072,674495.0745433298,6062115.838349857,0.36146763392857145,18137,5729,12403,5,0,32039,12408,0 1 2 255
2025-01-01,1120,1120,224,665509.5534378499,6057625.078082287,667755.9337142198,6059870.458216072,0.42745535714285715,21448,19801,1647,0,0,28728,1647,0 1 255
2025-01-01,1120,1344,224,667755.9337142198,6057625.078082287,670002.3139905898,6059870.458216072,0.6349848533163265,31861,17640,14213,0,8,18315,14221,0 1 3 255
2025-01-01,1120,1568,224,670002.3139905898,6057625.078082287,672248.6942669598,6059870.458216072,0.3694395727040816,18537,5522,13006,1,8,31639,13015,0 1 2 3 255
2025-01-01,1120,1792,224,672248.6942669598,6057625.078082287,674495.0745433298,6059870.458216072,0.5364118303571429,26915,6594,19954,34,333,23261,20321,0 1 2 3 255
2025-01-01,1344,896,224,663263.1731614799,6055379.6979485005,665509.5534378499,6057625.078082287,0.6359813456632653,31911,23693,8217,1,0,18265,8218,0 1 2 255
2025-01-01,1344,1120,224,665509.5534378499,6055379.6979485005,667755.9337142198,6057625.078082287,0.26622289540816324,13358,10718,2640,0,0,36818,2640,0 1 3 255
2025-01-01,1344,1344,224,667755.9337142198,6055379.6979485005,670002.3139905898,6057625.078082287,0.3586973852040816,17998,7001,10990,0,7,32178,10997,0 1 3 255
2025-06-20,0,672,224,661016.7928851099,6068851.978751215,663263.1731614799,6071097.358885,0.41735092474489793,20941,13544,5558,847,992,29235,7397,0 1 2 3 255
2025-06-20,224,448,224,658770.4126087399,6066606.598617429,661016.7928851099,6068851.978751215,0.3524194834183674,17683,13861,1548,1463,811,32493,3822,0 1 2 3 255
2025-06-20,224,672,224,661016.7928851099,6066606.598617429,663263.1731614799,6068851.978751215,0.7058753188775511,35418,29930,3234,1551,703,14758,5488,0 1 2 3 255
2025-06-20,224,2016,224,674495.0745433298,6066606.598617429,676741.4548196997,6068851.978751215,0.2772839604591837,13913,10855,2636,33,389,36263,3058,0 1 2 3 255
2025-06-20,448,448,224,658770.4126087399,6064361.218483644,661016.7928851099,6066606.598617429,0.49599410076530615,24887,18091,4803,1244,749,25289,6796,0 1 2 3 255
2025-06-20,448,672,224,661016.7928851099,6064361.218483644,663263.1731614799,6066606.598617429,0.5507613201530612,27635,22858,3626,736,415,22541,4777,0 1 2 3 255
2025-06-20,448,896,224,663263.1731614799,6064361.218483644,665509.5534378499,6066606.598617429,0.3750797193877551,18820,13949,851,2807,1213,31356,4871,0 1 2 3 255
2025-06-20,448,1120,224,665509.5534378499,6064361.218483644,667755.9337142198,6066606.598617429,0.20673230229591838,10373,4530,1983,2401,1459,39803,5843,0 1 2 3 255
2025-06-20,448,1568,224,670002.3139905898,6064361.218483644,672248.6942669598,6066606.598617429,0.5045838647959183,25318,12465,8280,2514,2059,24858,12853,0 1 2 3 255
2025-06-20,448,1792,224,672248.6942669598,6064361.218483644,674495.0745433298,6066606.598617429,0.7547233737244898,37869,30141,5894,1405,429,12307,7728,0 1 2 3 255
2025-06-20,448,2016,224,674495.0745433298,6064361.218483644,676741.4548196997,6066606.598617429,0.8123804209183674,40762,13103,21943,4520,1196,9414,27659,0 1 2 3 255
2025-06-20,448,2240,224,676741.4548196997,6064361.218483644,678987.8350960697,6066606.598617429,0.3523796237244898,17681,10989,4941,884,867,32495,6692,0 1 2 3 255
