model,condition,occlusion_fraction,seed,date,valid_pixels,mean_iou,macro_dice,iou_background,iou_low,iou_mid,iou_high,binary_algae_iou,binary_algae_dice,method,training_seed,primary_condition
occlusion_training,clean,,,all_validation,2966478.0,0.2747816741466522,0.41764378547668457,0.40293508768081665,0.37858328223228455,0.18078993260860443,0.13681836426258087,0.4328101873397827,0.6041417121887207,occlusion_training,42,clean
occlusion_training,missing_s1_zero,,,all_validation,2966478.0,0.2021895796060562,0.3219447433948517,0.2595956027507782,0.35762935876846313,0.11240304261445999,0.0791303738951683,0.4378592073917389,0.6090432405471802,occlusion_training,42,missing_s1_zero
occlusion_training,missing_s2_zero,,,all_validation,2966478.0,0.21928435564041138,0.33617106080055237,0.42448997497558594,0.28701427578926086,0.05071120709180832,0.11492200940847397,0.28448688983917236,0.4429580271244049,occlusion_training,42,missing_s2_zero
,optical_occlusion_mean,0.0,mean3,all_validation,,0.2747816741466522,0.41764378547668457,0.40293508768081665,0.37858328223228455,0.18078993260860443,0.13681836426258087,0.4328101873397827,0.6041417121887207,occlusion_training,42,occlusion_0
,optical_occlusion_mean,0.1,mean3,all_validation,,0.2508716881275177,0.38088425000508624,0.5034564137458801,0.1972265044848124,0.16922610501448312,0.13357773423194885,0.26837892333666485,0.423042098681132,occlusion_training,42,occlusion_10
,optical_occlusion_mean,0.3,mean3,all_validation,,0.26736919085184735,0.40627578894297284,0.45118101437886554,0.3181856373945872,0.15598945816357931,0.14412071804205576,0.3736358682314555,0.5438970724741617,occlusion_training,42,occlusion_30
,optical_occlusion_mean,0.5,mean3,all_validation,,0.2560406227906545,0.38989924391110736,0.4490012625853221,0.3136686285336812,0.13613112767537436,0.1253614698847135,0.3543298840522766,0.5232072273890177,occlusion_training,42,occlusion_50
,optical_occlusion_mean,0.7,mean3,all_validation,,0.23839373886585236,0.3633301357428233,0.4837026298046112,0.22334509094556174,0.12514409671227136,0.12138314296801885,0.27238936722278595,0.4270741840203603,occlusion_training,42,occlusion_70
occlusion_training,clean,,,all_validation,2966478.0,0.26168757677078247,0.4043385982513428,0.3613859713077545,0.36579933762550354,0.170380100607872,0.149184912443161,0.4497014582157135,0.6204056143760681,occlusion_training,7,clean
occlusion_training,missing_s1_zero,,,all_validation,2966478.0,0.17984260618686676,0.29639676213264465,0.21740393340587616,0.2999752163887024,0.09951242804527283,0.10247877985239029,0.3998885452747345,0.571314811706543,occlusion_training,7,missing_s1_zero
occlusion_training,missing_s2_zero,,,all_validation,2966478.0,0.22184012830257416,0.33714818954467773,0.45460382103919983,0.25059136748313904,0.03104063868522644,0.15112465620040894,0.24999617040157318,0.3999950885772705,occlusion_training,7,missing_s2_zero
,optical_occlusion_mean,0.0,mean3,all_validation,,0.26168757677078247,0.4043385982513428,0.3613859713077545,0.36579933762550354,0.170380100607872,0.149184912443161,0.4497014582157135,0.6204056143760681,occlusion_training,7,occlusion_0
,optical_occlusion_mean,0.1,mean3,all_validation,,0.2640029390652974,0.40731241305669147,0.3638833165168762,0.3673476179440816,0.1698328753312429,0.15494794646898905,0.44573845465977985,0.6166160504023234,occlusion_training,7,occlusion_10
,optical_occlusion_mean,0.3,mean3,all_validation,,0.2771152953306834,0.41865288217862445,0.4226381679375966,0.37790558735529584,0.1690304676691691,0.13888697822888693,0.4492051800092061,0.6197402079900106,occlusion_training,7,occlusion_30
,optical_occlusion_mean,0.5,mean3,all_validation,,0.2675813635190328,0.4050126373767853,0.44042375683784485,0.3469787836074829,0.16240731875101724,0.12051561971505483,0.41654935479164124,0.5879355271657308,occlusion_training,7,occlusion_50
,optical_occlusion_mean,0.7,mean3,all_validation,,0.2705445686976115,0.4056576391061147,0.4643498460451762,0.3501132130622864,0.1265477662285169,0.14116745193799338,0.3801860511302948,0.5507602294286092,occlusion_training,7,occlusion_70
occlusion_training,clean,,,all_validation,2966478.0,0.2578788697719574,0.39712393283843994,0.37877416610717773,0.3611554205417633,0.16041173040866852,0.13117417693138123,0.46664828062057495,0.6363465785980225,occlusion_training,123,clean
occlusion_training,missing_s1_zero,,,all_validation,2966478.0,0.14177779853343964,0.23273804783821106,0.06541574001312256,0.3374902009963989,0.08271168172359467,0.0814935639500618,0.4530067443847656,0.6235438585281372,occlusion_training,123,missing_s1_zero
occlusion_training,missing_s2_zero,,,all_validation,2966478.0,0.1978304535150528,0.31748849153518677,0.2502250671386719,0.3416895270347595,0.07186459004878998,0.1275426149368286,0.45758259296417236,0.6278650760650635,occlusion_training,123,missing_s2_zero
,optical_occlusion_mean,0.0,mean3,all_validation,,0.2578788697719574,0.39712393283843994,0.37877416610717773,0.3611554205417633,0.16041173040866852,0.13117417693138123,0.46664828062057495,0.6363465785980225,occlusion_training,123,occlusion_0
,optical_occlusion_mean,0.1,mean3,all_validation,,0.27141716082890827,0.4088891347249349,0.49562432368596393,0.2834805150826772,0.16605631510416666,0.1405075043439865,0.38927604754765827,0.5603793064753214,occlusion_training,123,occlusion_10
,optical_occlusion_mean,0.3,mean3,all_validation,,0.2740866144498189,0.4125061631202698,0.42780786752700806,0.3853335877259572,0.1604728251695633,0.12273218234380086,0.45505281289418537,0.62533571322759,occlusion_training,123,occlusion_30
,optical_occlusion_mean,0.5,mean3,all_validation,,0.2660258114337921,0.4017529785633087,0.4160141050815582,0.3817847669124603,0.1652137835820516,0.10109060257673264,0.45542797446250916,0.6258154114087423,occlusion_training,123,occlusion_50
,optical_occlusion_mean,0.7,mean3,all_validation,,0.2552923411130905,0.38990293939908344,0.42424720525741577,0.3344315489133199,0.14627561221520105,0.11621499061584473,0.39864008625348407,0.5699993769327799,occlusion_training,123,occlusion_70
